txHash,tokenId,class,breedCount,withPrice,withPriceUsd,timestamp,numJapan,numMystic,numXmas,level,shouldAscend,part1,part2,part3,part4,part5,part6,summer2022,agamogenesis
0x4c0d096d40cdf6f28012b26cfa67368d95627dc4e9e8721a04b92d688a3af4ff,11005304,Aquatic,2,"0,0037","11,14",2024-02-20 23:11:36,0,0,0,3,False,eyes-clear,ears-inkling,back-scarab,mouth-risky-fish,horn-arco,tail-nimo,0,0
0x26a02331100b3b8123b430947297e3fb17abee6312bd8d0d9dfeb1b7d1bf395f,11986092,Bird,3,"0,01","30,1",2024-02-20 23:11:27,0,0,0,3,False,eyes-sleepless,ears-nimo,back-sandal,mouth-toothless-bite,horn-oranda,tail-nimo,0,0
0x6d82e354842fb28c78b1bc3b4ce6ac1ae18842ecfd0ad541ecad3c3655aa6a26,11982533,Plant,0,"0,00459","13,82",2024-02-20 23:11:15,0,0,0,1,False,eyes-cucumber-slice,ears-innocent-lamb,back-bidens,mouth-silence-whisper,horn-cuckoo,tail-cattail,0,0
0x4dc9d1343272ef0949f198097ef2749e768c3ae513ccfcc0f475c59fd3f30c5f,11956366,Plant,3,"0,003019","9,09",2024-02-20 23:11:12,0,0,0,11,False,eyes-gecko,ears-small-frill,back-green-thorns,mouth-silence-whisper,horn-watermelon,tail-potato-leaf,0,0
0xcf245018db00bf3895357670be6faa69a18bc3b8b525bdad545e070a5b3d5365,3090051,Plant,4,"0,00124","3,73",2024-02-20 23:10:51,0,0,0,6,False,eyes-cucumber-slice,ears-rosa,back-pumpkin,mouth-serious,horn-rose-bud,tail-cattail,0,0
0xc84eab28405ef4ecc0c8e395e607c5a2714608bdb36b7e891551edfba43150ba,11876300,Beast,0,"0,00107735","3,24",2024-02-20 23:10:00,0,0,0,1,False,eyes-chubby,ears-earwing,back-buzz-buzz,mouth-confident,horn-little-branch,tail-granmas-fan,0,0
0x0a43dd8d0bfc2dda3203b22920576d6d3971773bb725f93f47ff3d3b3abefc75,11832376,Beast,0,"0,00107735","3,24",2024-02-20 23:09:57,0,0,0,1,False,eyes-little-peas,ears-leafy,back-ronin,mouth-piranha,horn-bamboo-shoot,tail-yam,0,0
0x28bddbcfa6ec2b1415e7e069edade4e8ce31337213f89f7b90c66f7b57cb343d,11438249,Reptile,3,"0,009","27,09",2024-02-20 23:09:27,0,0,0,18,False,eyes-gecko,ears-small-frill,back-green-thorns,mouth-tiny-turtle,horn-scaly-spoon,tail-gila,0,0
0xbae345eb449a1b3155d84bc00571233e17ec2da015768885c4937831e5ea5bb0,9227646,Reptile,2,"0,00076","2,29",2024-02-20 23:09:24,0,0,0,1,False,eyes-clear,ears-pink-cheek,back-tri-spikes,mouth-tiny-turtle,horn-incisor,tail-thorny-caterpillar,0,0
0x5fb732a3755a7c7a5076cedf2f2a06dd38928847767a2d4c16a7351a574c2805,3758974,Beast,0,"0,00066978","2,02",2024-02-20 23:09:09,0,0,0,1,False,eyes-telescope,ears-nyan,back-ronin,mouth-nut-cracker,horn-cactus,tail-nut-cracker,0,0
0x9a7c9d2bc8e0ee8baffdce0439fbafe5d6c79449259210c0fe486b65101192c9,10276036,Mech,0,"0,00068702","2,07",2024-02-20 23:08:33,0,0,0,12,False,eyes-topaz,ears-larva,back-scarab,mouth-piranha,horn-arco,tail-tadpole,0,0
0x088db3d3c6a9f7cd331c9677ca81acfc0c6bd4d42e7733530d6f749506d513f6,11703929,Aquatic,0,"0,0007","2,11",2024-02-20 23:08:24,0,0,0,1,False,eyes-clear,ears-innocent-lamb,back-goldfish,mouth-mosquito,horn-shoal-star,tail-ranchu,0,0
0x11cb7be0140e05742773da122603cd8c29eef0ea7c49e05471941e749acf0b07,1885567,Plant,1,"0,0007","2,11",2024-02-20 23:12:42,0,0,0,1,False,eyes-chubby,ears-ear-breathing,back-tri-spikes,mouth-mosquito,horn-cerastes,tail-hare,0,0
0xb2196da8ca59d55370d7ccb9d14342d1cfaed79de08dc4654a54d5c6bbf6fdda,9210111,Reptile,0,"0,00106885","3,22",2024-02-20 23:12:36,0,0,0,8,False,eyes-scar,ears-tassels,back-garish-worm,mouth-zigzag,horn-cerastes,tail-grass-snake,0,0
0xe0b4acfafccb2d4c5ee5e8e459a82eaa4e7227b3800e6a5fc931ea3c0f745e9d,543374,Aquatic,3,"0,00067","2,02",2024-02-20 23:12:30,0,0,0,5,False,eyes-clear,ears-gill,back-goldfish,mouth-risky-fish,horn-bumpy,tail-koi,0,0
0x158c88d7fec1c938855e3df2815aeece9bdf06763019ede8d68c10ac3547943a,11987096,Aquatic,3,"0,00788082","23,71",2024-02-20 23:11:51,0,0,0,10,False,eyes-sleepless,ears-nimo,back-sandal,mouth-piranha,horn-babylonia,tail-nimo,0,0
0x381229a56619953eb483d2436775d79ee2b7f506847f2fe1b270648b5c61432c,8416756,Plant,1,"0,00068","2,05",2024-02-20 23:18:27,0,0,0,8,False,eyes-papi,ears-sakura,back-pumpkin,mouth-serious,horn-cactus,tail-carrot,0,0
0x989fe0f6ee45759fa6818d728216913128070c28ab8cf837f70c52f7d0a2cddc,11404390,Bird,0,"0,000562","1,69",2024-02-20 23:18:21,0,0,0,1,False,eyes-mavis,ears-swirl,back-pigeon-post,mouth-hungry-bird,horn-eggshell,tail-granmas-fan,0,0
0x4acf56198b7720d3adc682e498f2abb97ae62eb2446a835a9b0b205c702e5a1a,11606292,Aquatic,0,"0,00068889","2,07",2024-02-20 23:18:03,0,0,0,1,False,eyes-gero,ears-beetle-spike,back-goldfish,mouth-catfish,horn-clamshell,tail-ranchu,0,0
0xac34e57dc2d9bda2123bde86d39cbd192ffa4b5a3fbcf5cae6e4abe56ee8722b,3194892,Plant,1,"0,001","3,01",2024-02-20 23:17:30,0,0,0,1,False,eyes-papi,ears-rosa,back-sandal,mouth-serious,horn-antenna,tail-potato-leaf,0,0
0xfe1f00fff8edfbbf527f61a5bef97ecdbcc5c270743cdf9e8be07dff9497e8c2,5816681,Aquatic,0,"0,00068388","2,06",2024-02-20 23:17:24,0,0,0,5,False,eyes-clear,ears-inkling,back-goldfish,mouth-herbivore,horn-oranda,tail-koi,0,0
0xc5e8a6814cfc8092f511f7e824ea9ece27dcee8f23dc3c127a9a2fb92f954f81,1434767,Beast,2,"0,0006876","2,07",2024-02-20 23:16:54,0,0,0,1,False,eyes-zeal,ears-puppy,back-raven,mouth-goda,horn-imp,tail-swallow,0,0
0x6cd32b361c26256aa5caf86a006e1e3294ac0590c8fb7ea171bb56d865a9d363,11911573,Beast,0,"0,00119745","3,6",2024-02-20 23:16:51,0,0,0,1,False,eyes-chubby,ears-earwing,back-mint,mouth-axie-kiss,horn-arco,tail-ranchu,0,0
0x7a7e4d57f5169539d31654c639e041c47cf186ab61cc7c0dd961945b5541cffa,11902208,Beast,0,"0,00095724","2,88",2024-02-20 23:16:51,0,0,0,1,False,eyes-chubby,ears-earwing,back-buzz-buzz,mouth-razor-bite,horn-little-branch,tail-ranchu,0,0
0xace7727d0384734ed2030a66d75d13c006b85b5021fb56d9170977bd488dfb83,11854055,Beast,0,"0,00107735","3,24",2024-02-20 23:16:48,0,0,0,1,False,eyes-little-owl,ears-leafy,back-spiky-wing,mouth-confident,horn-bamboo-shoot,tail-shrimp,0,0
0xd20e22d4cfeaffcd813a213fccb522c23429c1c9b436bf8291cbe30f0d25559b,11872916,Beast,0,"0,00119745","3,6",2024-02-20 23:16:45,0,0,0,1,False,eyes-chubby,ears-pogona,back-buzz-buzz,mouth-confident,horn-dual-blade,tail-ranchu,0,0
0x2f66c0b2d432a860c126587de7dd9020072833613d9cee0400bb43736b30ca97,11641047,Beast,0,"0,0018","5,42",2024-02-20 23:16:36,0,0,0,6,False,eyes-neo,ears-swirl,back-tri-feather,mouth-cute-bunny,horn-wing-horn,tail-granmas-fan,0,0
0xbee52d4cc5cab223e8538f16686a4a1272ae034af2db8bef2b271c2cf649f7a2,9741140,Dusk,0,"0,00068665","2,07",2024-02-20 23:16:30,0,0,0,1,False,eyes-clear,ears-nimo,back-croc,mouth-doubletalk,horn-lagging,tail-thorny-caterpillar,0,0
0x2c846728c46d28a0ccaab656d88b1ae7e976ac67fd3d5697d6929fe4e6182d64,269333,Bug,3,"0,00121548","3,66",2024-02-20 23:16:15,0,0,0,1,False,eyes-bookworm,ears-earwing,back-snail-shell,mouth-pincer,horn-parasite,tail-thorny-caterpillar,0,0
0x37130e4a14e84ba32def119bca5ad084a3ec5a43fa22084f76591000b693eb3c,5133721,Aquatic,0,"0,00067557","2,03",2024-02-20 23:15:48,0,0,0,1,False,eyes-lucas,ears-beetle-spike,back-goldfish,mouth-mosquito,horn-clamshell,tail-ranchu,0,0
0xa027c0f4bfe11685e1963c32356f67f5e5aee962f44d511da7c56fff8eaae0a5,2646929,Plant,1,"0,00067356","2,03",2024-02-20 23:15:30,0,0,0,1,False,eyes-papi,ears-hollow,back-goldfish,mouth-serious,horn-leaf-bug,tail-carrot,0,0
0x52db30e71287711de44d1f4c44b9eb0e33c37bf139b5c32f818c53632e84cd51,11990760,Beast,0,"0,008141","24,5",2024-02-20 23:14:15,0,0,0,1,False,eyes-puppy,ears-zen,back-ronin,mouth-confident,horn-imp,tail-shrimp,0,0
0xb1696aab4186a69ae4cadb8581d01c439097e72dd92f71c44b617240904b2cf4,3603647,Plant,2,"0,00098567","2,97",2024-02-20 23:14:03,0,0,0,6,False,eyes-chubby,ears-owl,back-scarab,mouth-piranha,horn-dual-blade,tail-twin-tail,0,0
0xdd9eb243ca9fe1e3f8f58c1ef8229bf42bf40b19e2f5da6b03b55cfa28665d4b,11989787,Mech,0,"0,009022","27,15",2024-02-20 23:13:57,0,0,0,1,False,eyes-puppy,ears-zen,back-ronin,mouth-confident,horn-imp,tail-shiba,0,0
0xcc7394eedb6d9a27d3378716779cf677e58b058b4b887f75b51f39290bce9c50,11975185,Beast,0,"0,000684","2,06",2024-02-20 23:13:54,0,0,0,6,False,eyes-puppy,ears-friezard,back-ronin,mouth-peace-maker,horn-shoal-star,tail-shiba,0,0
0xb23be9d3f6be68d1a18513d17e1398fe5acca23ccdc5bd1bd1c489696728e4fa,11739869,Reptile,2,"0,00121346","3,65",2024-02-20 23:13:42,0,0,0,10,False,eyes-papi,ears-inkling,back-kingfisher,mouth-doubletalk,horn-arco,tail-tadpole,0,0
0xa1a761d4fdb51c1ab6b67f66f921dc0b4c5cd73a63f487a028ba8bebbcc887d6,11988916,Mech,3,"0,0066974","20,15",2024-02-20 23:13:00,0,0,0,4,False,eyes-sleepless,ears-nimo,back-sandal,mouth-piranha,horn-babylonia,tail-nimo,0,0
0x3a851baa9f446f4926bd7849bf1217296bd7997dc4a7a32830741227534d1e9c,9204911,Plant,3,"0,00069","2,08",2024-02-20 23:21:57,0,0,0,1,False,eyes-papi,ears-rosa,back-pumpkin,mouth-serious,horn-cactus,tail-hot-butt,0,0
0xaf6dbc1154cd2d866ee18da141be1f207d24acd271a347b8db3000e91dc7cb96,9234278,Plant,0,"0,00069","2,08",2024-02-20 23:21:33,0,0,0,1,False,eyes-papi,ears-lotus,back-pumpkin,mouth-serious,horn-cactus,tail-hot-butt,0,0
0x9a2bb95180ecb9915b1d3a5c72d164cdac290a6ed14fddb7bec01c73c94c2878,9355181,Plant,0,"0,00069","2,08",2024-02-20 23:21:12,0,0,0,1,False,eyes-confused,ears-lotus,back-pumpkin,mouth-serious,horn-cactus,tail-hot-butt,0,0
0x3b7f4a594a97fc49a0a3853c85bed27b0b1bff33035894c1685c1d182ff41ed0,7956169,Aquatic,4,"0,0023","6,94",2024-02-20 23:20:42,0,0,0,7,False,eyes-telescope,ears-nimo,back-anemone,mouth-tiny-turtle,horn-anemone,tail-nimo,0,0
0x19ebf04db807f05ddd8e81ba88d8ca90ec139a6a664dc2b37f97563dec84bcba,8415747,Dusk,0,"0,0009","2,71",2024-02-20 23:20:06,0,0,0,9,True,eyes-confused,ears-bubblemaker,back-snail-shell,mouth-tiny-turtle,horn-babylonia,tail-thorny-caterpillar,0,0
0x0db0f5fbd7b6fbd3fb06ad8531dcabfaf6db8f127349179e8fbd90204807cde8,11848069,Bird,0,"0,0007","2,11",2024-02-20 23:19:57,0,0,0,1,False,eyes-nerdy,ears-owl,back-cupid,mouth-little-owl,horn-cerastes,tail-granmas-fan,0,0
0x18e12cffb847ae93fe0e46155a27c8aaa03af60f4e6e48024da0d310c71cd007,9890192,Plant,2,"0,00069","2,08",2024-02-20 23:19:45,0,0,0,1,False,eyes-papi,ears-clover,back-pumpkin,mouth-serious,horn-cactus,tail-hot-butt,0,0
0xe6e752808c67424b899f39477845dbc6e569d3907b4fbab7668fc9e80a8579ef,5757990,Plant,3,"0,00069","2,08",2024-02-20 23:19:24,0,0,0,1,False,eyes-papi,ears-lotus,back-pumpkin,mouth-serious,horn-cactus,tail-hot-butt,0,0
0x9b78b24638a20adc8f87dbde91e9de325bf9870bcaa0d1a03116403bac4ee15a,11980424,Aquatic,0,"0,003","9,05",2024-02-20 23:19:00,0,0,0,1,False,eyes-neo,ears-beetle-spike,back-sponge,mouth-square-teeth,horn-shoal-star,tail-nimo,0,0
0xac8908ea7008086c42035a016382172dbaf3d0e37b49388507743bbf09b76b63,4053669,Plant,3,"0,0006895","2,08",2024-02-20 23:18:54,0,0,0,8,False,eyes-confused,ears-tassels,back-pumpkin,mouth-serious,horn-cactus,tail-carrot,0,0
0x7ec055e3afe0199519917a3d7588f4928c5920874678c9d0927d12dedf95062a,5731493,Aquatic,0,"0,000566","1,71",2024-02-20 23:18:36,0,0,0,3,False,eyes-gero,ears-gill,back-goldfish,mouth-risky-fish,horn-shoal-star,tail-koi,0,0
0x7ac2c6c9705b4ea064d49e4354b54af2ecb20e7ec1a88d3888b4b114024a7248,11863652,Beast,0,"0,00069","2,08",2024-02-20 23:26:00,0,0,0,1,False,eyes-mavis,ears-leafy,back-pumpkin,mouth-doubletalk,horn-oranda,tail-shrimp,0,0
0x76eba3d2aa95c86f41ed838ad98ed1b2dcf55f3b0943562506a2c424cdc0fd52,11834264,Reptile,0,"0,0015","4,52",2024-02-20 23:25:48,0,0,0,5,False,eyes-bookworm,ears-innocent-lamb,back-indian-star,mouth-silence-whisper,horn-scaly-spoon,tail-twin-tail,0,0
0xc91f753a0d10e822e8f37bf6d0ef48a554a7f06f14d558f13415a6fbc0c4907f,8990100,Plant,3,"0,00069","2,08",2024-02-20 23:24:45,0,0,0,1,False,eyes-papi,ears-hollow,back-pumpkin,mouth-serious,horn-cactus,tail-hot-butt,0,0
0x5e50a17ea8d596d79abe04d3f0811212d7f5d2d1e7f56dcc6a7e498eb19338b9,9734671,Plant,0,"0,00069","2,08",2024-02-20 23:24:09,0,0,0,1,False,eyes-papi,ears-sakura,back-pumpkin,mouth-serious,horn-cactus,tail-hot-butt,0,0
0x8e79408e18f56e3488baa9d64619ca7c91fa66ebbe82540e08ee2ddaaf49cf29,9265654,Plant,3,"0,00069","2,08",2024-02-20 23:23:36,0,0,0,1,False,eyes-papi,ears-lotus,back-pumpkin,mouth-serious,horn-cactus,tail-hot-butt,0,0
0x2866e3c21475bbd9a13263c296975a6ae4f8e5e26dcb5b442be21392f593fe70,260542,Beast,5,"0,0015","4,52",2024-02-20 23:23:24,0,0,0,15,False,eyes-chubby,ears-nyan,back-ronin,mouth-goda,horn-imp,tail-rice,0,0
0x6a6f216dc23fb0127670df288fa2d336a113df93e864c811f09c6db68ecfe4f6,11902632,Plant,5,"0,0025","7,54",2024-02-20 23:23:21,0,0,0,2,False,eyes-mavis,ears-hollow,back-indian-star,mouth-silence-whisper,horn-leaf-bug,tail-twin-tail,0,0
0x799174b8d29b6eeecd9e7a88cc183eea9b0aec2baf2ff3dbe65e28ac22e63c62,7207825,Plant,2,"0,00069","2,08",2024-02-20 23:23:15,0,0,0,1,False,eyes-confused,ears-lotus,back-pumpkin,mouth-serious,horn-cactus,tail-hot-butt,0,0
0x0b1549a6ec215b34a63a6d4fd3e693b6b30c1ecd39f2f9e944d8b9be8a053445,3214828,Aquatic,2,"0,001","3,02",2024-02-20 23:23:03,0,0,0,1,False,eyes-clear,ears-clover,back-goldfish,mouth-little-owl,horn-little-branch,tail-koi,0,0
0xdc23c814232a4a6eb3e125227628eca9a76d367cfdc56948ab5f2c49202bb863,11894527,Beast,0,"0,00069","2,08",2024-02-20 23:22:51,0,0,0,1,False,eyes-chubby,ears-earwing,back-buzz-buzz,mouth-confident,horn-kestrel,tail-grass-snake,0,0
0xd87fc0b88badab8785f507deb5b0c127ac88941c7b03b94442c07a1445cacca6,11990351,Aquatic,0,"0,00068965","2,08",2024-02-20 23:22:27,0,0,0,1,False,eyes-sleepless,ears-sakura,back-blue-moon,mouth-lam,horn-anemone,tail-nimo,0,0
0x6e64ba5e8a3b4b3ee0d3aeb6976a80b9be90eff0dfbb15f4c8ed176980453d8d,3404230,Bird,3,"0,00105","3,16",2024-02-20 23:28:36,0,0,0,1,False,eyes-mavis,ears-early-bird,back-raven,mouth-hungry-bird,horn-kestrel,tail-post-fight,0,0
0x0e28a3505a05c3f76e6d7082ca64f5615d16ce97d7ab358685bf391b7ccf1b39,8859043,Plant,2,"0,00069","2,08",2024-02-20 23:28:33,0,0,0,1,False,eyes-clear,ears-hollow,back-bidens,mouth-serious,horn-leaf-bug,tail-hot-butt,0,0
0xe9487ba6a1c73caa1619672ba9cccb769850d8a584d1282d0e0771c7f08a909f,11916362,Mech,0,"0,0056","16,87",2024-02-20 23:28:18,0,0,0,1,False,eyes-blossom,ears-innocent-lamb,back-timber,mouth-square-teeth,horn-bumpy,tail-nimo,0,0
0x432d9c2bb46ed6bfe9e79d7b7cb389f1bc66c19dc901f1e4d8a8333abb8ab87b,1407182,Beast,3,"0,000537","1,62",2024-02-20 23:27:51,0,0,0,1,False,eyes-puppy,ears-ear-breathing,back-blue-moon,mouth-nut-cracker,horn-strawberry-shortcake,tail-fish-snack,0,0
0xdd3140a8dd28c0055f19335dae44d5d2fbf0e9f5c92a484b56fe4dfff9ebb6b6,552094,Bird,2,"0,000567","1,71",2024-02-20 23:27:36,0,0,0,1,False,eyes-mavis,ears-owl,back-mint,mouth-little-owl,horn-eggshell,tail-the-last-one,0,0
0x586a909e760890ae87e6d09292e7dffe5fbe2fdfe2536848a91dbfda03286b24,5737207,Plant,3,"0,00068982","2,08",2024-02-20 23:27:09,0,0,0,1,False,eyes-papi,ears-lotus,back-pumpkin,mouth-serious,horn-cactus,tail-carrot,0,0
0x084c7d7c60093ce4219305bb069d2182f8fb24b503cf9fe0f570bae2c2118816,5079455,Plant,3,"0,00088476","2,67",2024-02-20 23:31:00,0,0,0,13,False,eyes-confused,ears-clover,back-pumpkin,mouth-serious,horn-cactus,tail-hot-butt,0,0
0x0caeef43effb876714dab5d58d5b7377cfdee88d038eef373bd91624bb1f923e,5124958,Beast,3,"0,00069","2,08",2024-02-20 23:30:39,0,0,0,1,False,eyes-clear,ears-zen,back-pigeon-post,mouth-nut-cracker,horn-dual-blade,tail-nut-cracker,0,0
0xb9315417a4ccb4e6173ba73f88eaab245e93b7acb2164a0f1d0a65984a7dc189,7345528,Bird,6,"0,00235","7,09",2024-02-20 23:30:18,0,0,0,1,False,eyes-mavis,ears-owl,back-pigeon-post,mouth-little-owl,horn-eggshell,tail-post-fight,0,0
0xea982f57566b794bea15697981f1e9e1344cc14fa31e8e4643d4ffada59f9710,11834264,Reptile,0,"0,00193","5,82",2024-02-20 23:30:15,0,0,0,5,False,eyes-bookworm,ears-innocent-lamb,back-indian-star,mouth-silence-whisper,horn-scaly-spoon,tail-twin-tail,0,0
0xeecd405e6e6b89c7c15f6ad96e821496fa82ab01f08ba14ecb37d1651726a968,4913843,Plant,3,"0,00069","2,08",2024-02-20 23:30:03,0,0,0,1,False,eyes-papi,ears-sakura,back-pumpkin,mouth-serious,horn-rose-bud,tail-hot-butt,0,0
0xef1d881354c2152e1e9a08f0ab897aed42ec721dc906d0b6056603e2121838bd,9091315,Plant,3,"0,00069","2,08",2024-02-20 23:29:36,0,0,0,1,False,eyes-papi,ears-hollow,back-pumpkin,mouth-serious,horn-cactus,tail-hot-butt,0,0
0xe44c61e43ae172756ef28498fa0bd5591c5ba388e9923a2bd3afe4fc78ed8b05,11927533,Beast,0,"0,00099","2,99",2024-02-20 23:29:27,0,0,0,1,False,eyes-little-peas,ears-curved-spine,back-jaguar,mouth-confident,horn-imp,tail-hare,0,0
0x5446c6053ca86227d780cd5413faea073c76d91d5629a4ef4cc315cc1eb94092,10838114,Plant,2,"0,00132","3,98",2024-02-20 23:29:12,0,0,0,2,False,eyes-papi,ears-lotus,back-bidens,mouth-zigzag,horn-beech,tail-gravel-ant,0,0
0x9837d9ba7297405ed073d24e732aff3465a4bcc3a069b4b3e38cc4d14950dddc,4026205,Plant,3,"0,00069","2,08",2024-02-20 23:28:57,0,0,0,1,False,eyes-confused,ears-sakura,back-pumpkin,mouth-serious,horn-cactus,tail-hot-butt,0,0
0x00a2d42eb300621c94e7ccd10b8c510f0704fd145345ca1c50ec509a83375390,11840968,Reptile,1,"0,004447","13,42",2024-02-20 23:28:57,0,0,0,1,False,eyes-papi,ears-inkling,back-raven,mouth-doubletalk,horn-parasite,tail-tadpole,0,0
0x88c242dd89f8bb62ddb80b81fac1345dee0fee1b5f294d735da685addde5e763,11805121,Beast,0,"0,00069","2,08",2024-02-20 23:33:21,0,0,0,1,False,eyes-gero,ears-leafy,back-buzz-buzz,mouth-confident,horn-feather-spear,tail-shiba,0,0
0x1879e6b7245ac1c915596e4ae4fd0d08c1e4ee1d6f1f1ecdfadf6e30804328a7,10939486,Bird,0,"0,001","3,02",2024-02-20 23:33:09,0,0,0,1,False,eyes-little-owl,ears-owl,back-pigeon-post,mouth-little-owl,horn-eggshell,tail-hare,0,0
0xd9c8c40f2bc17104c32e147effd537cd9dbab4bf3e01c69ee093af93a828a775,2607395,Plant,2,"0,002","6,04",2024-02-20 23:32:48,0,0,0,4,False,eyes-blossom,ears-sakura,back-pumpkin,mouth-serious,horn-leaf-bug,tail-cloud,0,0
0x8d2a43f421d4afb03269c4ffc6b237e3c171e6129229a3d67692ea5daf19c50d,9672780,Plant,0,"0,00069","2,08",2024-02-20 23:32:18,0,0,0,1,False,eyes-papi,ears-hollow,back-pumpkin,mouth-serious,horn-cactus,tail-hot-butt,0,0
0x703c0b3380697a4adaaec7ff5d5196c22f6bb0542bee1e251e6e67abf8911eab,11698641,Dawn,0,"0,00099051","2,99",2024-02-20 23:32:03,0,0,0,1,False,eyes-gecko,ears-innocent-lamb,back-spiky-wing,mouth-peace-maker,horn-scaly-spoon,tail-pupae,0,0
0xc8d0dd6f1160ce2d3327ecf02c83934274d5176a219ba10da4c5ffc98418b58e,9281306,Plant,0,"0,00069","2,08",2024-02-20 23:31:06,0,0,0,1,False,eyes-papi,ears-lotus,back-pumpkin,mouth-serious,horn-cactus,tail-hot-butt,0,0
0xd29b4256dfe94175806736f0cb1d53fa955e2c783402cf013dae4dadbc2488d5,11988222,Mech,0,"0,00079","2,38",2024-02-20 23:37:54,0,0,0,1,False,eyes-chubby,ears-nut-cracker,back-perch,mouth-confident,horn-dual-blade,tail-hot-butt,0,0
0x5df0f4a46e6104d29a78bf2d782aa1160ebf6b6fbd767c9c182eedb91fbe7026,11770475,Beast,0,"0,00069463","2,09",2024-02-20 23:37:48,0,0,0,1,False,eyes-chubby,ears-nut-cracker,back-furball,mouth-silence-whisper,horn-little-branch,tail-nut-cracker,0,0
0x240964772706cf9ae6769c99a561fa917c921d6fb36f95fa9db467ae94cda43f,7751049,Aquatic,0,"0,0076","22,88",2024-02-20 23:37:30,0,0,0,11,False,eyes-little-peas,ears-bubblemaker,back-snail-shell,mouth-tiny-turtle,horn-lagging,tail-thorny-caterpillar,0,0
0xa4da07db9b6059bc9fc3399ffe7cd3b61e27124c74d9b5ce90fe3c2ad41ad91a,11887915,Beast,0,"0,00079","2,38",2024-02-20 23:37:18,0,0,0,1,False,eyes-chubby,ears-earwing,back-tri-feather,mouth-serious,horn-dual-blade,tail-nimo,0,0
0x87d9529e85bf875b853276ab4f8821a70e284217868ec8d4061980d552d9487d,3210093,Plant,3,"0,001","3,01",2024-02-20 23:37:06,0,0,0,1,False,eyes-nerdy,ears-innocent-lamb,back-hermit,mouth-herbivore,horn-merry,tail-yam,0,0
0x8cdb8a239e19968a3ea7c2cd1e248bc648a5593cd7ce982ef3621df90d20d6b0,5885582,Aquatic,2,"0,00141","4,25",2024-02-20 23:36:36,0,0,0,2,False,eyes-clear,ears-gill,back-goldfish,mouth-risky-fish,horn-oranda,tail-shrimp,0,0
0x825455148d5b074df22453638b9557171406f284b9d0137997b7222788a4484c,11618978,Aquatic,0,"0,00069294","2,09",2024-02-20 23:36:24,0,0,0,1,False,eyes-clear,ears-tiny-fan,back-pigeon-post,mouth-doubletalk,horn-cerastes,tail-nimo,0,0
0x22b3c6290af87ac7cab6c1e7470ac99a1bdbc0bb86e4e7252c293deced48bbcd,11747718,Beast,0,"0,00069147","2,08",2024-02-20 23:35:21,0,0,0,1,False,eyes-little-peas,ears-innocent-lamb,back-furball,mouth-goda,horn-clamshell,tail-cottontail,0,0
0x0c2e19ed770b2ba44a7337671adc28c711f71ceb00c72eb1f9e4bf36e6c703a7,11606587,Aquatic,3,"0,00069346","2,09",2024-02-20 23:35:00,0,0,0,1,False,eyes-little-peas,ears-inkling,back-anemone,mouth-lam,horn-shoal-star,tail-nimo,0,0
0x45781c5a34c7df6b11ba986cab91441f04c5932d6d1cc9863c92cbd7fdb752ae,4968267,Beast,0,"0,00071279","2,15",2024-02-20 23:34:03,0,0,0,9,False,eyes-zeal,ears-nut-cracker,back-ronin,mouth-nut-cracker,horn-imp,tail-nut-cracker,0,0
0xffa4913f8ef1a8167a3b0c25e4923ce852168efeb9fe15f3a178ffed31b6bbbc,11839558,Plant,0,"0,0006986","2,1",2024-02-20 23:34:03,0,0,0,7,False,eyes-lucas,ears-innocent-lamb,back-indian-star,mouth-silence-whisper,horn-eggshell,tail-gerbil,0,0
0x7c6f13fc44e5aeb9eb2701309edc7abbac3d4f3057378928aa72c67a9362ac35,11806056,Bird,0,"0,00069251","2,09",2024-02-20 23:33:51,0,0,0,1,False,eyes-chubby,ears-earwing,back-garish-worm,mouth-kotaro,horn-parasite,tail-cottontail,0,0
0x5f9223f0d8a289610138bd123258ca2e1be843633043775feff904a6cf1ace5c,1598709,Aquatic,1,"0,00069479","2,09",2024-02-20 23:45:51,0,0,0,1,False,eyes-papi,ears-friezard,back-shiitake,mouth-zigzag,horn-clamshell,tail-snake-jar,0,0
0xc51ad02ff4aa25326e38c9a67e3b427f79736527e70bfd2fd3c8f0f38679aef2,8880846,Mech,3,"0,0007","2,11",2024-02-20 23:45:27,0,0,0,1,False,eyes-chubby,ears-puppy,back-croc,mouth-tiny-turtle,horn-imp,tail-nut-cracker,0,0
0x27544b9a64ddaca6a8b70c9cd1157265730921fde4a7ae0a92fda5f3ef074a85,3062123,Plant,3,"0,00069197","2,08",2024-02-20 23:45:12,0,0,0,1,False,eyes-papi,ears-lotus,back-pumpkin,mouth-serious,horn-rose-bud,tail-carrot,0,0
0xae974a73e3049ff808ce3b099a526b93ce7a2e90cf56646457f5c7b00b380eb4,11679858,Dawn,0,"0,00126073","3,79",2024-02-20 23:45:03,0,0,0,16,False,eyes-mavis,ears-pogona,back-tri-feather,mouth-razor-bite,horn-wing-horn,tail-cottontail,0,0
0xa0828e39a3b85ab4d7112f9896fdc155708b9ebb86ce5317aa51d930a14bd631,11921358,Aquatic,0,"0,00069728","2,1",2024-02-20 23:44:00,0,0,0,1,False,eyes-chubby,ears-pogona,back-goldfish,mouth-square-teeth,horn-anemone,tail-cottontail,0,0
0xb2018761720dd18e44869b58982c0925013b4b4b3950b75ee0574b420543c955,11772877,Dawn,0,"0,00130172","3,92",2024-02-20 23:43:57,0,0,0,14,False,eyes-topaz,ears-innocent-lamb,back-buzz-buzz,mouth-square-teeth,horn-beech,tail-nimo,0,0
0x2e685b08de9df35fbdb395aa6ab92de374a433a13b912925911b6b4ecff55ecd,11952645,Bird,0,"0,0015","4,51",2024-02-20 23:43:42,0,0,0,1,False,eyes-gero,ears-earwing,back-turnip,mouth-hungry-bird,horn-wing-horn,tail-granmas-fan,0,0
0x15b8e84bb335403f86800fec210195bbb6db8cad298eebd268069d967f02d97c,11670653,Beast,0,"0,00069689","2,1",2024-02-20 23:43:27,0,0,0,1,False,eyes-zeal,ears-earwing,back-tri-feather,mouth-catfish,horn-dual-blade,tail-cottontail,0,0
0x06570ac3e7ab511396c8407c0e7b4990c7fd4d92c2e0dc72994b314ee6752a32,2150669,Beast,6,"0,002","6,02",2024-02-20 23:43:24,0,0,0,1,False,eyes-chubby,ears-nyan,back-ronin,mouth-nut-cracker,horn-imp,tail-rice,0,0
0xccaa376e4ea2850a524bbae16d6c7ad3e06ee4e8cd93b3f375beb27701da7137,9879293,Plant,0,"0,00069","2,08",2024-02-20 23:43:09,0,0,0,1,False,eyes-confused,ears-lotus,back-pumpkin,mouth-serious,horn-cactus,tail-hot-butt,0,0
0xdbd5258979cbca47bb3a00677272fc50054a6adc1c288db969633dbdf06caadb,11140826,Plant,0,"0,0007","2,11",2024-02-20 23:42:51,0,0,0,1,False,eyes-papi,ears-ear-breathing,back-watering-can,mouth-goda,horn-cactus,tail-gila,0,0
0x4e17dcd67b0f26a5be32987dfdc8a79584f0732f39b982821c962699e668ab9f,8787069,Plant,0,"0,00069","2,08",2024-02-20 23:42:33,0,0,0,1,False,eyes-papi,ears-belieber,back-garish-worm,mouth-serious,horn-rose-bud,tail-hot-butt,0,0
0x6454a4e04dfe20477c9e71c909eba22c5240b6995f19e7d2c1a3058bad07c272,8318590,Aquatic,0,"0,00142","4,27",2024-02-20 23:42:18,0,0,0,4,False,eyes-telescope,ears-inkling,back-scarab,mouth-risky-fish,horn-shoal-star,tail-shrimp,0,0
0x5113b2f0a48c2b14c71fe23047df5c167bbc54dab8a0c790ce4c46e43cd17a62,8827132,Dusk,3,"0,00069848","2,1",2024-02-20 23:42:06,0,0,0,1,False,eyes-bookworm,ears-inkling,back-croc,mouth-doubletalk,horn-cuckoo,tail-thorny-caterpillar,0,0
0xf7540a524c9db69a9b8654dd33eaa808fcc85dfa05a59d15440a341d929d5489,11535698,Beast,0,"0,00079","2,38",2024-02-20 23:42:00,0,0,0,1,False,eyes-little-peas,ears-innocent-lamb,back-ronin,mouth-goda,horn-eggshell,tail-tiny-dino,0,0
0x85731376d87e4ffaa9828d817a39035f0d5c5bcc89dcf9f3c73106d4eb2d4b07,8749482,Aquatic,3,"0,0007","2,11",2024-02-20 23:41:54,0,0,0,1,False,eyes-sleepless,ears-inkling,back-goldfish,mouth-risky-fish,horn-shoal-star,tail-koi,0,0
0xc42cdbbab2e5cd0f4db34e075a40abd0879908c71179bdaa893abeb873726ad9,2828865,Plant,1,"0,000685","2,06",2024-02-20 23:41:39,0,0,0,1,False,eyes-papi,ears-pink-cheek,back-pumpkin,mouth-serious,horn-beech,tail-carrot,0,0
0xebead756c775bc9408c8c77e265cc632b979022a43f74d35aa7f11f4a098565a,11595425,Mech,0,"0,0044","13,24",2024-02-20 23:41:21,0,0,0,3,False,eyes-bookworm,ears-tiny-fan,back-timber,mouth-mosquito,horn-bumpy,tail-ant,0,0
0xaca8b1d34a004261ac0e23ba76bfbadb63cd7dbd5c5173fccd95c03bea34ec2a,11531231,Beast,0,"0,00069411","2,09",2024-02-20 23:41:15,0,0,0,1,False,eyes-little-peas,ears-earwing,back-ronin,mouth-nut-cracker,horn-little-branch,tail-nut-cracker,0,0
0x91a38e67d07d54a5af114b85d9fb707153d16e5818cb203d291a22903b73d40c,426693,Plant,3,"0,00069044","2,08",2024-02-20 23:40:51,0,0,0,1,False,eyes-confused,ears-clover,back-pumpkin,mouth-serious,horn-rose-bud,tail-carrot,0,0
0x177332705a16d3b2048c380335c732edd62b07cfd493f53850629d99ad821bc5,11977950,Reptile,0,"0,00087371","2,63",2024-02-20 23:39:45,0,0,0,7,False,eyes-gecko,ears-friezard,back-snail-shell,mouth-tiny-turtle,horn-lagging,tail-grass-snake,0,0
0x8f95b523d3f6b03dc30d9b1f0362a48f1afa174735d4323e9031a346e601f964,11924961,Beast,4,"0,013","39,11",2024-02-20 23:39:06,0,0,0,10,False,eyes-chubby,ears-pink-cheek,back-cupid,mouth-kotaro,horn-arco,tail-iguana,0,0
0x2beb9e0e586aeae882fc357ace18099dae51b9950e409595397247d77f94fb66,11986801,Aquatic,0,"0,00181817","5,47",2024-02-20 23:38:30,0,0,0,1,False,eyes-sleepless,ears-nimo,back-sponge,mouth-doubletalk,horn-shoal-star,tail-nimo,0,0
0xc303d02bfc2714527935e5a29a2f9eb7cd4c0700ca55c9de8d8e220ad840a51b,11871969,Bug,1,"0,001","3,01",2024-02-20 23:51:27,0,0,0,13,False,eyes-papi,ears-pogona,back-buzz-buzz,mouth-cute-bunny,horn-bamboo-shoot,tail-cottontail,0,0
0x58fc65b234760e9cbb695c81437e88ed78321c241ea45765e16cadbc7745729a,10390637,Plant,2,"0,00210216","6,32",2024-02-20 23:50:24,0,0,0,9,True,eyes-bookworm,ears-rosa,back-turnip,mouth-tiny-turtle,horn-leaf-bug,tail-hot-butt,0,0
0xc8d8861ed9f78ef223a0eb92a75f83915249ea7425ae616e4baecdb6a17676db,11990735,Aquatic,0,"0,002","6,01",2024-02-20 23:50:03,0,0,0,1,False,eyes-confused,ears-tiny-fan,back-spiky-wing,mouth-risky-fish,horn-eggshell,tail-koi,0,0
0x09db5582920b19d5150cae9e171a2e9663e5725c66d66f2bff1455dcd585416e,11906755,Mech,1,"0,002","6,01",2024-02-20 23:48:45,0,0,0,2,False,eyes-bookworm,ears-innocent-lamb,back-timber,mouth-square-teeth,horn-oranda,tail-nimo,0,0
0x91e528c655aebb7fbfa0adaae5fa10746f612558ac5185642fa98edeb962d0a3,1428298,Beast,2,"0,0007","2,1",2024-02-20 23:48:21,0,0,0,1,False,eyes-zeal,ears-nyan,back-kingfisher,mouth-hungry-bird,horn-imp,tail-cottontail,0,0
0xf39221ef67503daa29ae648797d2846a13d00f30dffc5ef7bff4c28b4ab1d7d8,11155706,Plant,2,"0,0035","10,52",2024-02-20 23:46:36,0,0,0,18,False,eyes-papi,ears-hollow,back-sandal,mouth-serious,horn-cactus,tail-cattail,0,0
0xd506f9035ab3a92894be0147da623bfbe06945167c076898c15819940735972e,1655971,Mech,0,"0,00135","4,06",2024-02-20 23:46:33,0,0,0,1,False,eyes-chubby,ears-belieber,back-raven,mouth-nut-cracker,horn-dual-blade,tail-cottontail,0,0
0x400f27736ed597b0ce9aca30b797d78ca347797b527cc3f184606de9319a50f7,11898604,Beast,0,"0,00073857","2,22",2024-02-20 23:46:24,0,0,0,3,False,eyes-cucumber-slice,ears-innocent-lamb,back-perch,mouth-axie-kiss,horn-cactus,tail-cottontail,0,0
0x0ac08c660df1a6f3d47a18b4389fbc3917a484b1983ab74a985bdb6a10e3fcb7,5775291,Bird,2,"0,0007","2,1",2024-02-20 23:46:06,0,0,0,1,False,eyes-mavis,ears-leafy,back-sponge,mouth-catfish,horn-eggshell,tail-grass-snake,0,0
0x882ab73043068d846551e400f09131cf2e879e3b7db65e69f0e6aa319780eb2c,3076037,Bird,2,"0,000533","1,6",2024-02-20 23:52:36,0,0,0,6,False,eyes-gero,ears-beetle-spike,back-cupid,mouth-lam,horn-rose-bud,tail-twin-tail,0,0
0x3eb554534d5f4f5a0aba20fa8d08993c7b2c1ba85894ff4b9ba779fb4496bd03,11980322,Aquatic,0,"0,00069661","2,09",2024-02-20 23:52:36,0,0,0,1,False,eyes-sleepless,ears-sidebarb,back-anemone,mouth-piranha,horn-watermelon,tail-nimo,0,0
0xc5eff56599387d76b1956fc5b2352c5edd7b22358f12c9d9e869663cadd72da8,7852890,Bird,4,"0,00105529","3,17",2024-02-20 23:52:21,0,0,0,5,False,eyes-mavis,ears-risky-bird,back-pigeon-post,mouth-little-owl,horn-eggshell,tail-post-fight,0,0
0xdb2f881b6313425b6e34caa71e986828123f20410ccc5999ae228b08af31b33f,10846063,Plant,0,"0,00069475","2,09",2024-02-20 23:51:42,0,0,0,3,False,eyes-papi,ears-rosa,back-risky-beast,mouth-zigzag,horn-cactus,tail-hot-butt,0,0
0xa56e7205b499f42d1c39a353109893c3ab25e5e907d98acc1384a8449c31e5de,3435882,Plant,2,"0,00069365","2,09",2024-02-20 23:51:39,0,0,0,1,False,eyes-papi,ears-lotus,back-pumpkin,mouth-serious,horn-rose-bud,tail-carrot,0,0
0x8b0d0e21e4ba52196c52504725246babfdcc2febb5128f51f5cf44ceb9ea0f8f,11979992,Reptile,0,"0,001","3,01",2024-02-20 23:51:39,0,0,0,2,False,eyes-gecko,ears-gill,back-green-thorns,mouth-mosquito,horn-scaly-spear,tail-cottontail,0,0
0xddbc90850c50442de6cafd6c9bb90d59c32b42b1f7517f990773e5a2ef52267a,11687976,Reptile,1,"0,00070083","2,11",2024-02-20 23:51:36,0,0,0,9,True,eyes-gecko,ears-earwing,back-green-thorns,mouth-doubletalk,horn-scaly-spoon,tail-cottontail,0,0
0x158b475c60ac641fbf0f791023a07ffd9355ff90519ef83d70bd1475f98950cc,11557324,Aquatic,4,"0,00069","2,07",2024-02-20 23:56:30,0,0,0,1,False,eyes-sleepless,ears-ear-breathing,back-goldfish,mouth-risky-fish,horn-shoal-star,tail-shrimp,0,0
0xa5da6e2cda268b8cad397582a1d8525024e7ea62a4ef97e56f1711b0248a61d7,3225960,Plant,4,"0,00115967","3,49",2024-02-20 23:56:24,0,0,0,1,False,eyes-clear,ears-seaslug,back-snail-shell,mouth-silence-whisper,horn-cuckoo,tail-iguana,0,0
0x1272d33114ca39d5d3b5b5fc91df55f5bb506276e8add16ee324cad08dd403bd,11974913,Mech,0,"0,00099","2,98",2024-02-20 23:56:15,0,0,0,1,False,eyes-sleepless,ears-seaslug,back-anemone,mouth-confident,horn-anemone,tail-pupae,0,0
0x7b6792464cb4f99f6e6939a80f0642527b0123fa0bd57e45d0d73c69315f5abb,6178623,Plant,4,"0,00099612","2,99",2024-02-20 23:56:06,0,0,0,1,False,eyes-puppy,ears-sakura,back-pumpkin,mouth-cute-bunny,horn-leaf-bug,tail-carrot,0,0
0x38208b1883120b3db488630004366a03a0556a6de29633162b9a5654dc241575,11673819,Dusk,4,"0,0048","14,43",2024-02-20 23:56:06,0,0,0,9,False,eyes-chubby,ears-innocent-lamb,back-tri-feather,mouth-confident,horn-antenna,tail-cottontail,0,0
0xcae4c829f7deb45a09b6536f428bfe60343508932772b27be6d2ad57666abbb7,7521461,Aquatic,3,"0,0011","3,31",2024-02-20 23:55:33,0,0,0,10,False,eyes-telescope,ears-bubblemaker,back-goldfish,mouth-lam,horn-clamshell,tail-nimo,0,0
0x28c2a8b4ca1e89e2178ac35c2a15bcc80ad7e2e3cda58e216ad477a897b170c9,11621652,Beast,0,"0,00079","2,37",2024-02-20 23:55:21,0,0,0,1,False,eyes-little-peas,ears-innocent-lamb,back-ronin,mouth-confident,horn-eggshell,tail-cottontail,0,0
0x53c0f53a218ef89985e1b6bdde010b8a72e92c9278d5607fd822d6ebff381d4f,2307460,Reptile,0,"0,0011","3,31",2024-02-20 23:55:21,0,0,0,10,False,eyes-gecko,ears-friezard,back-red-ear,mouth-nut-cracker,horn-incisor,tail-nimo,0,0
0x8672e7b3f7712cb9738b5e7f0c498714eb5f1277d6c995c39582adc67084ffd2,3020202,Plant,3,"0,00080938","2,43",2024-02-20 23:55:06,0,0,0,4,False,eyes-papi,ears-leafy,back-turnip,mouth-serious,horn-leaf-bug,tail-hatsune,0,0
0x4988ab560671376ec6ca6e0f32a2a3349868a24d44c2d22ba6536d6e4ecb93d6,1643990,Aquatic,5,"0,0007","2,1",2024-02-20 23:55:00,0,0,0,1,False,eyes-clear,ears-bubblemaker,back-goldfish,mouth-risky-fish,horn-shoal-star,tail-koi,0,0
0x6a22a19b518d7e603953d003e7ba903f4bead19e92f0d859bd8c2270c39ffae0,11720623,Beast,0,"0,00079","2,37",2024-02-20 23:54:57,0,0,0,1,False,eyes-little-peas,ears-innocent-lamb,back-garish-worm,mouth-confident,horn-imp,tail-cottontail,0,0
0xf391d3c1defb7a06f7e39303548f7a5da460b7b2926352c63a50e3a8fe84ea99,5456181,Aquatic,2,"0,00187","5,62",2024-02-20 23:54:21,0,0,0,1,False,eyes-gero,ears-bubblemaker,back-anemone,mouth-lam,horn-anemone,tail-nimo,0,0
0x6ca43e70bc2d0fa66691c4cad5a270e20a3a713cf3923e8de73b2a3a25da95db,6777714,Beast,0,"0,0007","2,1",2024-02-20 23:53:54,0,0,0,1,False,eyes-zeal,ears-zen,back-hero,mouth-nut-cracker,horn-pocky,tail-snake-jar,0,0
0x210373aed55c7fed33934b7b5daf0ccce8dc5bc64d2e7816bc95e8bd500a0c01,11443954,Bird,0,"0,0007","2,1",2024-02-20 23:53:27,0,0,0,1,False,eyes-mavis,ears-early-bird,back-pigeon-post,mouth-razor-bite,horn-eggshell,tail-swallow,0,0
0xe2fb24c32600ce38c45af381681dfa53dcc8693e98124c729159a0e0dca079da,11763312,Reptile,5,"0,00498904","15,0",2024-02-20 23:52:57,0,0,0,3,False,eyes-papi,ears-inkling,back-garish-worm,mouth-doubletalk,horn-parasite,tail-tadpole,0,0
0x80be5c940fe2e884b1a5cb7da7f529c97895eab50cd20a1280bb49cf16a0e2b9,9245731,Reptile,0,"0,00092232","2,77",2024-02-21 00:02:39,0,0,0,1,False,eyes-neo,ears-earwing,back-pumpkin,mouth-tiny-turtle,horn-lagging,tail-thorny-caterpillar,0,0
0x32d3e8d9ab54eb9b9ff5b38e6dd90d982c7435c803dab66de21c53f1d8ec1373,11471877,Dusk,2,"0,00069908","2,1",2024-02-21 00:02:09,0,0,0,3,False,eyes-chubby,ears-bubblemaker,back-risky-beast,mouth-toothless-bite,horn-oranda,tail-nut-cracker,0,0
0xf39febf04467cd87ca72e9d9e5e2045b2320e67c80e2d03ff36a99bf898ac1e5,9474782,Plant,1,"0,0007","2,1",2024-02-21 00:01:48,0,0,0,5,False,eyes-papi,ears-leafy,back-bidens,mouth-peace-maker,horn-little-branch,tail-tadpole,0,0
0x3b09d11ce48eccde90e7be699ba3a65b0505e83bc39db8ab34f1b7680fd3e6cf,11650702,Dusk,3,"0,00078748","2,37",2024-02-21 00:01:33,0,0,0,3,False,eyes-clear,ears-nyan,back-goldfish,mouth-silence-whisper,horn-bumpy,tail-nimo,0,0
0xa452601c41c17ac8fc2a26870441671e8d2eca07d772917f4b609b74ec52b30d,11704198,Mech,3,"0,02","60,12",2024-02-21 00:01:24,0,0,0,11,False,eyes-gecko,ears-small-frill,back-green-thorns,mouth-tiny-turtle,horn-strawberry-shortcake,tail-gila,0,0
0xacfa17cf10d97b9f2c8731fa2494ec0f76786d12e9d691aa3e521831b6372148,4163041,Reptile,4,"0,0024","7,21",2024-02-21 00:01:21,0,0,0,3,False,eyes-clear,ears-bubblemaker,back-snail-shell,mouth-tiny-turtle,horn-lagging,tail-thorny-caterpillar,0,0
0x11e50188ffd01faaedc8d57a5417d3e49896af5eda8ffad08c21926992e651a1,5692425,Plant,2,"0,004569","13,73",2024-02-21 00:00:54,0,0,0,9,True,eyes-papi,ears-rosa,back-green-thorns,mouth-serious,horn-beech,tail-yam,0,0
0x9997c9552c79a2d990462943feb252f29b8482c9399fa864f690ef6b633dd4d6,3967185,Reptile,3,"0,00131624","3,96",2024-02-21 00:00:27,0,0,0,10,False,eyes-clear,ears-bubblemaker,back-timber,mouth-tiny-turtle,horn-lagging,tail-thorny-caterpillar,0,0
0x0979767383d6e677c6634aab0238248df0ae5b9b14e88c074a7c79557850d246,11981081,Mech,4,"0,0049","14,73",2024-02-21 00:00:24,0,0,0,1,False,eyes-puppy,ears-innocent-lamb,back-perch,mouth-silence-whisper,horn-little-branch,tail-nimo,0,0
0xb7f8cbdca598b41c3a63d18f6eb6cf3066e0601bc11099659d845222115ac04a,11971479,Mech,4,"0,0049","14,73",2024-02-20 23:59:39,0,0,0,1,False,eyes-puppy,ears-innocent-lamb,back-perch,mouth-silence-whisper,horn-little-branch,tail-nimo,0,0
0x45e78aed66425db5a14428ec827d8971d41e9809084b241f270157bf0b1edaf7,9874401,Bug,3,"0,00149","4,48",2024-02-20 23:59:24,0,0,0,9,True,eyes-little-owl,ears-bubblemaker,back-snail-shell,mouth-pincer,horn-parasite,tail-fish-snack,0,0
0xd88bed9dc07ebb649599708b64b13fdeefb0508f5c2b2446e57612a0e861d6c1,10815466,Aquatic,0,"0,00184","5,53",2024-02-20 23:59:24,0,0,0,9,True,eyes-gero,ears-bubblemaker,back-anemone,mouth-lam,horn-anemone,tail-nimo,0,0
0xbf4f2b4c989c01209853f9b7d80341944ccf43d8d04346fef04c88729c574dfb,11832349,Beast,0,"0,00089","2,68",2024-02-20 23:59:09,0,0,0,1,False,eyes-blossom,ears-leafy,back-hermit,mouth-tiny-turtle,horn-bamboo-shoot,tail-shrimp,0,0
0x649b04e1605317d796e1ee30041c2c1f04af788fa77a3a4d57ba544bd25fb515,1643990,Aquatic,5,"0,0015575","4,68",2024-02-20 23:58:54,0,0,0,1,False,eyes-clear,ears-bubblemaker,back-goldfish,mouth-risky-fish,horn-shoal-star,tail-koi,0,0
0x41c64aa229c3ebb02fc12c138c5afba93c872a1726cde40a970bc1e723d43c3e,4605693,Bird,0,"0,000777","2,34",2024-02-20 23:58:15,0,0,0,1,False,eyes-mavis,ears-early-bird,back-raven,mouth-peace-maker,horn-eggshell,tail-post-fight,0,0
0xef76084391ac6f0e909735fa13fef77f1ec751c3e5396ab5c1e472c5be361d02,11976394,Mech,0,"0,005611","16,87",2024-02-20 23:57:48,0,0,0,1,False,eyes-puppy,ears-nimo,back-perch,mouth-confident,horn-little-branch,tail-nimo,0,0
0xb1f335bbfa94a4ac107d031d8f0409d2b30b155464550d9962ac813ded3bdbaa,11797364,Beast,0,"0,00079","2,37",2024-02-20 23:57:45,0,0,0,1,False,eyes-chubby,ears-innocent-lamb,back-ronin,mouth-confident,horn-bamboo-shoot,tail-shrimp,0,0
0xdf1808554896b4b590199e8df4ab926913c9d6f7ebc046259f5ae59c2f72dae5,6504372,Dusk,6,"0,00181871","5,47",2024-02-20 23:57:18,0,0,0,6,False,eyes-clear,ears-bubblemaker,back-garish-worm,mouth-tiny-turtle,horn-babylonia,tail-thorny-caterpillar,0,0
0xbbb900bee86200ba076e6bd1870cf85f81d91ff8085ed6079ff81640991b8682,11976853,Mech,0,"0,00149","4,48",2024-02-20 23:56:54,0,0,0,3,False,eyes-sleepless,ears-nimo,back-sandal,mouth-square-teeth,horn-babylonia,tail-carrot,0,0
0x44bec6f9b02f97bfee63beac0afe1e0b50da562d3e16164bab017056a1641bca,7491886,Aquatic,4,"0,00147026","4,42",2024-02-20 23:56:36,0,0,0,1,False,eyes-scar,ears-larva,back-goldfish,mouth-cute-bunny,horn-clamshell,tail-nimo,0,0
0xc40937cb8997cf7a322849005cf86f79103efa5ed5b5ab5cf44f596d9481c86f,11565917,Beast,0,"0,00069","2,07",2024-02-21 00:08:45,0,0,0,1,False,eyes-little-peas,ears-beetle-spike,back-jaguar,mouth-confident,horn-arco,tail-cottontail,0,0
0xdfa3359db014760d5bb64683f61aaa7b6c0940a0f53c2347384058b2cce88713,5408287,Bird,2,"0,00168649","5,06",2024-02-21 00:08:09,0,0,0,19,True,eyes-mavis,ears-curly,back-cupid,mouth-cute-bunny,horn-eggshell,tail-the-last-one,0,0
0x96e6e71ded391ac64022bae1c9ee124d59b1ea61a2edbeee8238d5d4ed0e8feb,11074400,Bug,2,"0,001","3,0",2024-02-21 00:07:57,0,0,0,9,True,eyes-scar,ears-beetle-spike,back-sandal,mouth-pincer,horn-parasite,tail-fish-snack,0,0
0x0f9d4c3098db105db186ebbb584a2ae85038b651650aacc27a5f1d1b04c7058a,11954208,Aquatic,3,"0,00549","16,49",2024-02-21 00:07:54,0,0,0,9,True,eyes-clear,ears-sidebarb,back-spiky-wing,mouth-piranha,horn-feather-spear,tail-koi,0,0
0x63a0c59632c8cc770dc3e3f9e74bb72fbed01ad473427c3256e040020798cae3,11960551,Dawn,0,"0,0015","4,5",2024-02-21 00:07:18,0,0,0,9,True,eyes-sleepless,ears-pogona,back-sandal,mouth-piranha,horn-babylonia,tail-granmas-fan,0,0
0x3c643f913849c44f6ca75550b4e9762a2814eae62f7605942bb215f99fc1f87e,11507435,Dusk,0,"0,00121","3,63",2024-02-21 00:06:54,0,0,0,2,False,eyes-cucumber-slice,ears-clover,back-pumpkin,mouth-serious,horn-merry,tail-hatsune,0,0
0xce3beb60ff3ea9e5d23aefb551cc69dce3a4cf0a5f241ac0344ac56e752a9caf,11559581,Dusk,0,"0,00075148","2,26",2024-02-21 00:05:57,0,0,0,1,False,eyes-cucumber-slice,ears-earwing,back-watering-can,mouth-tiny-turtle,horn-scaly-spoon,tail-yam,0,0
0x4598edcef623c155005d94e8dcac2fa6417161b62bc8fe32abc73b79e259ca71,3244999,Plant,0,"0,001","3,0",2024-02-21 00:05:57,0,0,0,1,False,eyes-confused,ears-sakura,back-pumpkin,mouth-zigzag,horn-clamshell,tail-carrot,0,0
0xf26a1af5b7d9c9e2dfb03842b6510f3849999ccc5294eeed481163e499b8e15b,9160738,Reptile,1,"0,000572","1,72",2024-02-21 00:05:48,0,0,0,2,False,eyes-confused,ears-owl,back-bone-sail,mouth-toothless-bite,horn-cerastes,tail-ranchu,0,0
0xbde4dc49d2470a4e98b366353b1ca60dbf4f0218566e752b9ed83d8f72d3890d,11869353,Bug,0,"0,002","6,01",2024-02-21 00:05:33,0,0,0,5,False,eyes-topaz,ears-innocent-lamb,back-garish-worm,mouth-square-teeth,horn-parasite,tail-nimo,0,0
0x55d59b922f2207ee8a6b7f499a93ebddb5b6879ff5dc4b6a89613ed89a147295,6224739,Plant,0,"0,000604","1,81",2024-02-21 00:05:00,0,0,0,3,False,eyes-papi,ears-hollow,back-pumpkin,mouth-serious,horn-unko,tail-carrot,0,0
0xb8f33c92f6cc7b60cc13313ed0925a1e2f199e7d0ceb4f064a9e35fffb2daf80,6145259,Plant,0,"0,00069","2,07",2024-02-21 00:03:54,0,0,0,1,False,eyes-papi,ears-clover,back-pumpkin,mouth-serious,horn-cactus,tail-carrot,0,0
0xf84e627c1d86269bd13cbb7f4bd4e7edbfb52f17a0ea6a073ed3766b43e4a038,11615991,Plant,0,"0,00066634","2,0",2024-02-21 00:18:57,0,0,0,2,False,eyes-kotaro,ears-earwing,back-kingfisher,mouth-silence-whisper,horn-dual-blade,tail-ranchu,0,0
0xfbc42b62b315fd908d246ce4cbdf20fbfc21415a8f94a2112cf6c6f8caba1d41,5625259,Reptile,3,"0,0015","4,5",2024-02-21 00:18:12,0,0,0,4,False,eyes-robin,ears-bubblemaker,back-snail-shell,mouth-tiny-turtle,horn-lagging,tail-thorny-caterpillar,0,0
0xb37fa3bf4dddcac0d67e8a9a671915cdeffc685967fbfa07ced7135618c84cfd,11936078,Beast,0,"0,00564526","16,94",2024-02-21 00:17:00,0,0,0,4,False,eyes-chubby,ears-earwing,back-cupid,mouth-razor-bite,horn-arco,tail-gerbil,0,0
0x98643bf77162ba62a4f117881be57445a6cea0956c0dc6fc26536b4714f75188,6867743,Plant,3,"0,0007","2,1",2024-02-21 00:16:45,0,0,0,1,False,eyes-papi,ears-clover,back-pumpkin,mouth-serious,horn-cactus,tail-carrot,0,0
0xdf7df827cc1f6c51426e4856cd0ecb5fdba78feace087cfd78064b6bdcc10575,11883236,Beast,0,"0,00106964","3,21",2024-02-21 00:15:54,0,0,0,1,False,eyes-chubby,ears-earwing,back-buzz-buzz,mouth-goda,horn-dual-blade,tail-granmas-fan,0,0
0x80a0ecf3eed4529da29b3c09b8495e0c36bb346ef2fb1040093df575db047197,11382999,Beast,0,"0,00317","9,51",2024-02-21 00:15:51,0,0,0,9,False,eyes-clear,ears-gill,back-goldfish,mouth-toothless-bite,horn-strawberry-ice-cream,tail-cotton-candy,1,0
0x46fb9cdd3668861a88022663d58b676b2dbf295d9d299133c17c8a439729c0e6,11074400,Bug,2,"0,0013","3,9",2024-02-21 00:15:09,0,0,0,9,True,eyes-scar,ears-beetle-spike,back-sandal,mouth-pincer,horn-parasite,tail-fish-snack,0,0
0x90e8bdc08b5eecbd39208b5834db5c0e52c25f2c67766edc0902e709d25e89d9,7413992,Aquatic,3,"0,00067366","2,02",2024-02-21 00:14:45,0,0,0,3,False,eyes-gero,ears-pink-cheek,back-goldfish,mouth-risky-fish,horn-dual-blade,tail-post-fight,0,0
0x58b22d1a31b137e8872899dd421e3421532cd7d61ffda76cfacbade4e2af62ae,11572787,Beast,0,"0,00079","2,37",2024-02-21 00:14:36,0,0,0,1,False,eyes-little-peas,ears-innocent-lamb,back-ronin,mouth-confident,horn-little-branch,tail-post-fight,0,0
0x47a2f17120bd2adc7d2abc8e96b29bce1555f7c7eafb7b27427b6002e736975e,11984559,Reptile,3,"0,04","120,06",2024-02-21 00:13:03,0,0,0,1,False,eyes-tricky,ears-clover,back-turnip,mouth-razor-bite,horn-cerastes,tail-cattail,0,0
0x997a6c1dc4228a09e2fb4651c983c8f70fc24499268f16c19aaaf85d2690b35b,11975194,Beast,3,"0,002","6,0",2024-02-21 00:13:00,0,0,0,2,False,eyes-chubby,ears-pink-cheek,back-cupid,mouth-axie-kiss,horn-parasite,tail-gerbil,0,0
0x657c861b34da8aa2a539954d59c0b24bbc9a78d8b2c506c0b5431ea384e4b111,11975194,Beast,3,"0,001","3,0",2024-02-21 00:11:54,0,0,0,2,False,eyes-chubby,ears-pink-cheek,back-cupid,mouth-axie-kiss,horn-parasite,tail-gerbil,0,0
0x6a95ca14f398acbd4db8373155a69b289280bd17fdaa31b2a4fcaf504a4bd784,8779856,Aquatic,3,"0,001","3,0",2024-02-21 00:11:15,0,0,0,1,False,eyes-sleepless,ears-bubblemaker,back-goldfish,mouth-risky-fish,horn-pocky,tail-nimo,0,0
0x6a20d2d15457e8cbc8ccbcbac69b5bfc485cbc5ee2dba5a98526c48365a0bd5e,11734565,Beast,0,"0,00079","2,37",2024-02-21 00:10:21,0,0,0,1,False,eyes-neo,ears-innocent-lamb,back-hero,mouth-goda,horn-imp,tail-cottontail,0,0
0xdf080f5bfa9dc722bd50b08cf79ee5e5a767728883a194c48489fa4b3da9e061,11987200,Plant,0,"0,0021","6,3",2024-02-21 00:10:09,0,0,0,1,False,eyes-puppy,ears-innocent-lamb,back-bidens,mouth-doubletalk,horn-cerastes,tail-cattail,0,0
0xc0317a1a529630464e5df4af8c6bd856816ffde35e30a8e8acd48836dea01abd,11978174,Plant,0,"0,00249","7,48",2024-02-21 00:26:45,0,0,0,1,False,eyes-cucumber-slice,ears-innocent-lamb,back-tri-feather,mouth-silence-whisper,horn-cuckoo,tail-nimo,0,0
0x3ff4dc59b2ebbdf14472d17ec9b743599e652c241b5984fdbcd165a9cb9da887,11253541,Bird,2,"0,00447239","13,43",2024-02-21 00:26:21,0,0,0,6,False,eyes-mavis,ears-peace-maker,back-pigeon-post,mouth-toothless-bite,horn-eggshell,tail-hare,0,0
0x895620dfdf38c510c0374871cb920b3ec0fd1a62b46355359c1573098cbca0b1,11986148,Bug,0,"0,0035461","10,65",2024-02-21 00:26:18,0,0,0,1,False,eyes-chubby,ears-zen,back-ronin,mouth-confident,horn-imp,tail-shiba,0,0
0x518fd37c394e20287a42be727126aa9c5af10495f60d21a866ae794b52c0db6f,3012817,Plant,3,"0,00078","2,34",2024-02-21 00:25:57,0,0,0,10,False,eyes-papi,ears-lotus,back-pumpkin,mouth-serious,horn-cactus,tail-swallow,0,0
0xb8289eb7db51b253193cc6035e100aa5be9db5915890fef1b3704fc0048e4dd3,2567772,Aquatic,4,"0,002","6,01",2024-02-21 00:25:48,0,0,0,4,False,eyes-chubby,ears-nimo,back-goldfish,mouth-risky-fish,horn-clamshell,tail-nimo,0,0
0xb3be6795a08377076dd512a12d616498e02310cb22418ef90faad662406101cb,3962299,Aquatic,2,"0,0043","12,92",2024-02-21 00:25:36,0,0,0,7,False,eyes-gero,ears-nimo,back-anemone,mouth-doubletalk,horn-anemone,tail-nimo,0,0
0x63b4f09647ee0ed3bc29ea90231d4b8d23118918dd81cb45e785b4dfa42967d6,8696512,Dusk,4,"0,0013","3,9",2024-02-21 00:25:24,0,0,0,9,False,eyes-clear,ears-bubblemaker,back-snail-shell,mouth-tiny-turtle,horn-lagging,tail-thorny-caterpillar,0,0
0x77139e672b5312a6d4119a58404bbe62cb8ac8cdb9ac2734b90425aec5a8c3eb,5207012,Plant,4,"0,00086588","2,6",2024-02-21 00:25:12,0,0,0,1,False,eyes-confused,ears-clover,back-pumpkin,mouth-serious,horn-leaf-bug,tail-yam,0,0
0x2fc8077c3be319f2c0cffebf7c4623d7b8a84d7a9e361b9bab130c318c13f60b,11926751,Dawn,2,"0,004","12,01",2024-02-21 00:25:09,0,0,0,8,False,eyes-sleepless,ears-nimo,back-pumpkin,mouth-piranha,horn-babylonia,tail-nimo,0,0
0x63ad1c793db1be0eec014c58475ce46ba0d474569b9ec2246e9c57a56023a795,3628543,Plant,1,"0,0007","2,1",2024-02-21 00:24:54,0,0,0,1,False,eyes-confused,ears-clover,back-blue-moon,mouth-zigzag,horn-rose-bud,tail-carrot,0,0
0x884e8aa65ae8e62dbc82b3b8ba4062df5db813b73112a3d3564bb84233b12775,11990312,Plant,2,"0,00319","9,58",2024-02-21 00:23:30,0,0,0,1,False,eyes-cucumber-slice,ears-innocent-lamb,back-bidens,mouth-silence-whisper,horn-cuckoo,tail-iguana,0,0
0x94df2c32fdff99eef5c642e902043e59c32dcb631678170a03991f5faf3c0aeb,11751899,Plant,0,"0,000546","1,64",2024-02-21 00:21:51,0,0,0,1,False,eyes-little-peas,ears-lotus,back-pumpkin,mouth-serious,horn-bamboo-shoot,tail-carrot,0,0
0xa2498ff0bf60f65cd1c526753d2059c159a9d36366a33b1572d7e5c013165e96,9220862,Bird,4,"0,00117088","3,52",2024-02-21 00:21:39,0,0,0,3,False,eyes-mavis,ears-early-bird,back-pigeon-post,mouth-doubletalk,horn-eggshell,tail-post-fight,0,0
0xe6762a75a1cda22218da71a6f87533b0f19f011c4eb24d9a7e836050de0f5393,11681866,Dawn,0,"0,00135","4,05",2024-02-21 00:21:24,0,0,0,6,False,eyes-little-peas,ears-innocent-lamb,back-buzz-buzz,mouth-confident,horn-dual-blade,tail-cottontail,0,0
0x71896ed553df2af99c18f60145072f2d36a18090d120b96287a9357702711e16,11921362,Aquatic,0,"0,00069087","2,08",2024-02-21 00:21:21,0,0,0,1,False,eyes-gero,ears-pogona,back-anemone,mouth-square-teeth,horn-shoal-star,tail-nimo,0,0
0xc4c3e9c5b45fc37716699a8e5180b77844a006eb0ab13382761ce06b6f2c8c3d,11961325,Reptile,3,"0,005","15,02",2024-02-21 00:20:27,0,0,0,1,False,eyes-chubby,ears-small-frill,back-green-thorns,mouth-razor-bite,horn-dual-blade,tail-grass-snake,0,0
0x573045cce7f353b88b91bb37cde89abb9d77d11029060b625f5378967e65de8a,11830509,Plant,0,"0,00094","2,82",2024-02-21 00:19:09,0,0,0,9,True,eyes-kotaro,ears-leafy,back-garish-worm,mouth-tiny-turtle,horn-bamboo-shoot,tail-carrot,0,0
0x2238cd8b34572d739022e48c9ab1152071ffb7219c4a45abff8c0f9c718ae09e,7651957,Aquatic,3,"0,0007","2,1",2024-02-21 00:33:18,0,0,0,1,False,eyes-clear,ears-inkling,back-goldfish,mouth-risky-fish,horn-shoal-star,tail-koi,0,0
0x814fa8c7bbbb07a4f16ca4c542310c8baebe849ff8d230773b71eff085893448,1604318,Mech,6,"0,002","6,01",2024-02-21 00:33:12,0,0,0,1,False,eyes-chubby,ears-belieber,back-furball,mouth-confident,horn-imp,tail-cottontail,0,0
0x3cf96ee1c6577c9aedfbda99157eb5e55ed9c6250840d324b4f9a819cde4ee59,11935257,Plant,2,"0,005145","15,45",2024-02-21 00:33:09,0,0,0,9,False,eyes-cucumber-slice,ears-innocent-lamb,back-bidens,mouth-silence-whisper,horn-rose-bud,tail-cattail,0,0
0xe9d0e25b3313aa9a10bcab7f73fe403b345a884077369c53f6f8acc70570b5f6,11537381,Dusk,1,"0,0099","29,74",2024-02-21 00:32:09,0,0,0,15,False,eyes-mavis,ears-small-frill,back-green-thorns,mouth-silence-whisper,horn-strawberry-shortcake,tail-tiny-dino,0,0
0x9a10d90b1c69474056065a6ef0253a30cfa79188f321cffeacf19ab4dbca828f,1234767,Aquatic,3,"0,008","24,03",2024-02-21 00:31:36,0,0,0,13,False,eyes-telescope,ears-tiny-fan-2,back-goldfish,mouth-risky-fish,horn-clamshell,tail-nimo,0,0
0xb4978a4910308d96a2c64ad94e8ec0a3907544d10dd5dd99d4d25694a7606f6e,6322209,Bird,4,"0,00075","2,25",2024-02-21 00:31:24,0,0,0,10,False,eyes-mavis,ears-early-bird,back-balloon,mouth-little-owl,horn-eggshell,tail-the-last-one,0,0
0xc47da3c46b4993c2b008cb68b5cf601766a458bf9129fa6df49516e704cf77c5,7946836,Aquatic,3,"0,0007","2,1",2024-02-21 00:31:24,0,0,0,1,False,eyes-clear,ears-inkling,back-goldfish,mouth-risky-fish,horn-shoal-star,tail-koi,0,0
0xdf984ca2131b95c2e9c69ee9a72f9b91e8197bf3fbc1536358b43b3f37821f66,9592351,Aquatic,0,"0,0007","2,1",2024-02-21 00:31:03,0,0,0,1,False,eyes-clear,ears-inkling,back-goldfish,mouth-risky-fish,horn-shoal-star,tail-nimo,0,0
0x2d559b85b90c2b6696a037c8729a3b7f40e63330cd7d80b9aceb0025c4d891d2,11866111,Bug,0,"0,00240871","7,23",2024-02-21 00:30:57,0,0,0,1,False,eyes-tricky,ears-innocent-lamb,back-indian-star,mouth-silence-whisper,horn-leaf-bug,tail-grass-snake,0,0
0xca4ed2a673e9260b3aac56efdabc27b841eb2b222392be196f8513b64b42cc71,8747169,Aquatic,3,"0,0007","2,1",2024-02-21 00:30:42,0,0,0,1,False,eyes-clear,ears-inkling,back-goldfish,mouth-risky-fish,horn-shoal-star,tail-koi,0,0
0x8a0fb8d1abc61f6c97ff7d935e29a19491a137d0490348c9345cfa6234678836,8746063,Aquatic,3,"0,0007","2,1",2024-02-21 00:30:33,0,0,0,1,False,eyes-clear,ears-inkling,back-goldfish,mouth-risky-fish,horn-shoal-star,tail-koi,0,0
0x2750a25001bedcd8d7d0eed783607275a97c243735afd9b894894fbfc0955d03,11122790,Plant,3,"0,00088663","2,66",2024-02-21 00:30:24,0,0,0,6,False,eyes-papi,ears-rosa,back-turnip,mouth-zigzag,horn-cactus,tail-yam,0,0
0x0fe5eb24a05b1f1fbe6d3fd948e42e4ccb1426cee1a227a5b102cbf0813ac90d,11760023,Reptile,3,"0,0035","10,51",2024-02-21 00:30:12,0,0,0,13,False,eyes-gecko,ears-small-frill,back-green-thorns,mouth-tiny-turtle,horn-watermelon-2,tail-potato-leaf,0,0
0x7828b277739ed3827bd32bb5004859ee6dfba539518d39f5f08ca6437873d53a,4989201,Plant,2,"0,00071","2,13",2024-02-21 00:30:09,0,0,0,9,False,eyes-papi,ears-rosa,back-pumpkin,mouth-axie-kiss,horn-leaf-bug,tail-hot-butt,0,0
0x4485ad2527af45a1648548c7a956a0eddbe4b655560cf83ff999cd76acc9f756,11766211,Dusk,0,"0,0007631","2,29",2024-02-21 00:30:06,0,0,0,1,False,eyes-neo,ears-inkling,back-sponge,mouth-doubletalk,horn-shoal-star,tail-cottontail,0,0
0xa01c8e46bb7125ff2ccf2ab72db00d521eb9bd7707755edc17c4fa8ed6e0f4ef,11907839,Bird,4,"0,007","21,03",2024-02-21 00:29:45,0,0,0,12,False,eyes-nerdy,ears-earwing,back-buzz-buzz,mouth-catfish,horn-wing-horn,tail-ranchu,0,0
0xcc02a6e592f621e8c3e549fa631aa08ac570fb195fa8889bc94a449baa4a9436,11940769,Mech,3,"0,00094843","2,85",2024-02-21 00:29:33,0,0,0,10,False,eyes-kotaro,ears-earwing,back-turnip,mouth-kotaro,horn-wing-horn,tail-cottontail,0,0
0x84de842435c79686af572e412b3e9e96bcebeb79405a9622e6b1bdedecdd6cc7,4783948,Reptile,0,"0,00209","6,28",2024-02-21 00:29:33,0,0,0,9,True,eyes-scar,ears-risky-bird,back-indian-star,mouth-kotaro,horn-cerastes,tail-tiny-dino,0,0
0x2eae690acf427ef52e8f3248b129f9dda4fd6182aec35781583302a4b7624e13,1529637,Plant,2,"0,002","6,01",2024-02-21 00:28:24,0,0,0,1,False,eyes-tricky,ears-hollow,back-shiitake,mouth-lam,horn-unko,tail-carrot,0,0
0x9f27c72122e6585559f190b85482b8b84a1434c60bcb6b90afea11b04a9f3e6a,6275412,Aquatic,0,"0,0006875","2,06",2024-02-21 00:27:54,0,0,0,1,False,eyes-clear,ears-inkling,back-goldfish,mouth-risky-fish,horn-shoal-star,tail-nimo,0,0
0x145b4d38029b3543c7f05084e3d0c9914a76f4c39e40e16ef65644a9fb8aa030,11902189,Beast,0,"0,00069074","2,07",2024-02-21 01:14:27,0,0,0,1,False,eyes-chubby,ears-earwing,back-buzz-buzz,mouth-axie-kiss,horn-teal-shell,tail-ranchu,0,0
0xa09be06a5cc82716c84e3cb6b31be901419808764397584ead3d281de67cfdbb,7365232,Aquatic,3,"0,0059","17,72",2024-02-21 01:14:21,0,0,0,13,False,eyes-gero,ears-nimo,back-anemone,mouth-lam,horn-anemone-2,tail-nimo,0,0
0x7c9a1ef04ba538024c424640a8413a4a857447257880eda94d7c70e377f3267b,7413992,Aquatic,3,"0,000684","2,05",2024-02-21 01:14:12,0,0,0,3,False,eyes-gero,ears-pink-cheek,back-goldfish,mouth-risky-fish,horn-dual-blade,tail-post-fight,0,0
0x330f812c9ecd0bcc88eed352b4d0c914e20f7adf0fc309b12bf712d7a1b6bb4e,11881999,Beast,0,"0,00069122","2,08",2024-02-21 01:14:09,0,0,0,1,False,eyes-chubby,ears-tassels,back-perch,mouth-confident,horn-arco,tail-ranchu,0,0
0x6014c084817f300e586f7580d0982c026e4ba6e8b2dfaf9dc619edfb0b91aaee,11971978,Aquatic,0,"0,00199999","6,01",2024-02-21 01:14:03,0,0,0,1,False,eyes-sleepless,ears-nimo,back-sandal,mouth-square-teeth,horn-babylonia,tail-carrot,0,0
0x301524d5de5160aa24c0bd1ebdb932620d8a5c5861a034024d2fcce9c3c7679b,6180771,Reptile,1,"0,00122","3,66",2024-02-21 01:13:21,0,0,0,9,False,eyes-topaz,ears-bubblemaker,back-snail-shell,mouth-tiny-turtle,horn-lagging,tail-thorny-caterpillar,0,0
0x6073e7e68727888513c2dd705b682d6d21c0350b2ff3fa2d08aba6a6a3226e13,11986986,Plant,4,"0,00549","16,49",2024-02-21 01:13:03,0,0,0,1,False,eyes-cucumber-slice,ears-innocent-lamb,back-bidens,mouth-silence-whisper,horn-cuckoo,tail-cottontail,0,0
0x1e00a40a264030825c4d53e5ffd3fa0755fc06a14fe40f29137f91594cccec17,3200766,Dusk,2,"0,001","3,0",2024-02-21 01:12:48,0,0,0,1,False,eyes-telescope,ears-owl,back-anemone,mouth-silence-whisper,horn-anemone,tail-fish-snack,0,0
0x4b79672ecffcf3115bfa431326068ba98ff595f27e29de4a9068e8a5bd2e0209,11839904,Bird,0,"0,001","3,0",2024-02-21 01:12:45,0,0,0,1,False,eyes-zeal,ears-early-bird,back-blue-moon,mouth-hungry-bird,horn-eggshell,tail-nimo,0,0
0xaffaff34aab6c65d6bcb61b456a41dc152ae914a92943a0c1997a99bcfd2a0fd,11938915,Plant,2,"0,00459","13,78",2024-02-21 01:12:42,0,0,0,9,True,eyes-cucumber-slice,ears-innocent-lamb,back-bidens,mouth-silence-whisper,horn-pliers,tail-cattail,0,0
0x87cb4c177fdd7fa37793ed9ba47ca1c04a5f8021a8c0ac46e43670824910f5dc,11903380,Bug,0,"0,00189609","5,69",2024-02-21 01:12:33,0,0,0,3,False,eyes-nerdy,ears-curved-spine,back-timber,mouth-confident,horn-merry,tail-ant,0,0
0x3dcb291d516cbe8f662a8629e713c1f90760dcd5a5a52b5e8ba07e9388f2b5ca,9681469,Dusk,0,"0,0007","2,1",2024-02-21 01:12:18,0,0,0,4,False,eyes-clear,ears-risky-bird,back-garish-worm,mouth-herbivore,horn-wing-horn,tail-grass-snake,0,0
0x1ebccc77adbec318916bab3572399e2a7cd34d77e27fa4e9daa46f396555ae0c,9964214,Plant,3,"0,0009","2,7",2024-02-21 01:12:00,0,0,0,1,False,eyes-papi,ears-hollow,back-pumpkin,mouth-serious,horn-cactus,tail-cattail,0,0
0xb2bcd52c84775165f70814912244e1e97d63612e339e9fd032ed81bd0f883807,10493181,Beast,0,"0,002","6,01",2024-02-21 01:11:57,0,0,0,1,False,eyes-little-peas,ears-belieber,back-jaguar,mouth-axie-kiss,horn-dual-blade,tail-ant,0,0
0x2a08f9d5994d9b10e9054d9c1be6ba2e70bc8c7765564fe480bb458d9de1e58b,1962724,Plant,3,"0,001807","5,43",2024-02-21 01:11:39,0,0,0,1,False,eyes-papi,ears-lotus,back-pumpkin,mouth-serious,horn-rose-bud,tail-cloud,0,0
0xe81301c76bf763561548a69b891509f306fbb91c55039bc016145cc2558f17b5,11985356,Plant,4,"0,00149","4,47",2024-02-21 01:11:36,0,0,0,1,False,eyes-cucumber-slice,ears-innocent-lamb,back-hero,mouth-silence-whisper,horn-little-branch,tail-cottontail,0,0
0xc063d127505e32c39c25f94de3e01628d99eb74ecdb8ae32a10067793fe96a6d,5203189,Plant,4,"0,00088317","2,65",2024-02-21 01:11:06,0,0,0,1,False,eyes-papi,ears-lotus,back-pumpkin,mouth-serious,horn-leaf-bug,tail-carrot,0,0
0x1bdc3ff08561bbf6e060865481ffb5d267a866bd40a51de1976d10150aea13fc,11962122,Reptile,4,"0,00183658","5,52",2024-02-21 01:10:54,0,0,0,1,False,eyes-gecko,ears-pink-cheek,back-cupid,mouth-axie-kiss,horn-arco,tail-gerbil,0,0
0xd9c8ace65fccdbc695bd9025bcb7b2894aedf9a50d73e854a73beb8831426394,10936068,Plant,0,"0,005","15,02",2024-02-21 01:10:30,0,0,0,1,False,eyes-papi,ears-clover,back-sponge,mouth-risky-fish,horn-beech,tail-carrot,0,0
0x0d1bd144046da25574261addf47e4be96a2366de83186f843ad1752d0cb0001f,1573896,Beast,3,"0,002","6,01",2024-02-21 01:09:45,0,0,0,1,False,eyes-chubby,ears-nyan,back-jaguar,mouth-goda,horn-scaly-spoon,tail-yam,0,0
0xa3ff84bcd4759fdfdc0a7765c66f36745f0335cb72d297b70f3b6a7277bc4b8a,6802361,Dusk,3,"0,001","3,0",2024-02-21 01:09:30,0,0,0,5,False,eyes-tricky,ears-bubblemaker,back-snail-shell,mouth-tiny-turtle,horn-lagging,tail-thorny-caterpillar,0,0
0x31568b26688bbd1f839147658cf51b13d2b964221a0a1c7f4b84913df3eb0464,3448839,Plant,2,"0,0006938","2,08",2024-02-21 01:09:24,0,0,0,1,False,eyes-neo,ears-rosa,back-raven,mouth-serious,horn-cactus,tail-carrot,0,0
0x42393c16905caeea717f0b696588ca419dd2c1956817b12ca43cab334842a00f,377318,Bird,2,"0,00067664","2,03",2024-02-21 01:09:15,0,0,0,6,False,eyes-mavis,ears-peace-maker,back-pigeon-post,mouth-peace-maker,horn-eggshell,tail-snake-jar,0,0
0x41ec3656d7286514c079ea4d5773af8e5ca35ab161a73b809dec9c01c7c2cb88,11769058,Aquatic,3,"0,00326587","9,81",2024-02-21 01:08:51,0,0,0,10,False,eyes-topaz,ears-innocent-lamb,back-timber,mouth-square-teeth,horn-bumpy,tail-nimo,0,0
0xf00e61a799c2d79839c28de1df171bd0a016c18f5a7f3e44e4294bbb52c2199a,11751717,Dusk,3,"0,035","105,11",2024-02-21 01:08:48,0,0,0,6,False,eyes-neo,ears-innocent-lamb,back-garish-worm,mouth-confident,horn-arco,tail-cottontail,0,0
0x74c93cbf7d995383026621e2ad7e7f36386dfd1403fb9aed935662b926ccebb9,11471877,Dusk,2,"0,000684","2,05",2024-02-21 01:08:39,0,0,0,3,False,eyes-chubby,ears-bubblemaker,back-risky-beast,mouth-toothless-bite,horn-oranda,tail-nut-cracker,0,0
0xa16f073c237465f70dedc2155804f4c886a525c6c379f5be5129a8310371e0d4,1303475,Beast,1,"0,002","6,01",2024-02-21 01:08:39,0,0,0,1,False,eyes-chubby,ears-nyan,back-jaguar,mouth-goda,horn-oranda,tail-hot-butt,0,0
0x11cc165ed31bd7d1e142b0ba3d14a3cf04c845773e1e3d099845b21f9a097c3b,11827584,Dusk,2,"0,01","30,03",2024-02-21 01:08:12,0,0,0,19,False,eyes-neo-2,ears-inkling,back-garish-worm,mouth-doubletalk,horn-shoal-star,tail-cottontail,0,0
0x118cafdb00e59b33bbe1169a6859471f2afdb74b53e45e9feffb9bbebbc5bcd9,7509699,Aquatic,3,"0,00588629","17,68",2024-02-21 01:08:12,0,0,0,16,False,eyes-gero,ears-nimo,back-anemone,mouth-lam,horn-anemone-2,tail-nimo,0,0
0x97fd3b236370647f49dfefbf2e6ee5bd7a8e2829bd3da65af41ea49f05bea5d7,8384926,Reptile,2,"0,0011","3,3",2024-02-21 01:07:51,0,0,0,1,False,eyes-kotaro,ears-bubblemaker,back-snail-shell,mouth-tiny-turtle,horn-lagging,tail-thorny-caterpillar,0,0
0xafdebd7faa25e1344d9b99199f431fa21a718549dce8f46434ca0dc31f8fdb6b,11957296,Beast,0,"0,00089","2,67",2024-02-21 01:07:33,0,0,0,1,False,eyes-chubby,ears-earwing,back-buzz-buzz,mouth-confident,horn-anemone,tail-ranchu,0,0
0x1328ae3e4f065d38f90ecb9a1fbc7498bb2ed79038b79f8c36813fdd699a7d2d,1149773,Beast,2,"0,002","6,01",2024-02-21 01:07:33,0,0,0,1,False,eyes-chubby,ears-nyan,back-jaguar,mouth-risky-fish,horn-oranda,tail-koi,0,0
0xd4eaf391eb55becff9da17ac015894adb62478eab39224df7a38d11dfc134153,11982755,Bird,3,"0,00592289","17,79",2024-02-21 01:06:27,0,0,0,1,False,eyes-little-owl,ears-owl,back-tri-feather,mouth-little-owl,horn-trump,tail-feather-fan,0,0
0x85cc349426e4586d1b995a893275f70ce5da2f3bf33b2195d0434d13d066b813,1221661,Beast,2,"0,002","6,01",2024-02-21 01:06:27,0,0,0,1,False,eyes-chubby,ears-nyan,back-jaguar,mouth-goda,horn-watermelon,tail-cottontail,0,0
0xa0a2e465c5d3514dbcc27b3295bbf46e9f40e9b2b72611ad4839c96f6c4619cd,11982754,Bird,3,"0,00592318","17,79",2024-02-21 01:05:12,0,0,0,1,False,eyes-little-owl,ears-owl,back-tri-feather,mouth-little-owl,horn-trump,tail-feather-fan,0,0
0x92680283f624a86d197bbe1f235f36335b141e1dd03d620f080d1055f9d819d5,11951124,Dawn,3,"0,00456057","13,7",2024-02-21 01:05:00,0,0,0,1,False,eyes-blossom,ears-innocent-lamb,back-indian-star,mouth-silence-whisper,horn-scaly-spoon,tail-twin-tail,0,0
0x409b7af9c72c9819038f8b963f4f0f649c3b9d9c25988836636265d1bc18153e,5097571,Reptile,3,"0,00123979","3,72",2024-02-21 01:04:36,0,0,0,1,False,eyes-topaz,ears-pogona,back-green-thorns,mouth-tiny-turtle,horn-scaly-spoon,tail-tiny-dino,0,0
0xf76a9858fa700dca599d1cf65f8a71fdf21dcfb0cd754113c93b548666858344,11733902,Beast,0,"0,0007","2,1",2024-02-21 01:04:27,0,0,0,4,False,eyes-topaz,ears-innocent-lamb,back-croc,mouth-tiny-turtle,horn-shoal-star,tail-swallow,0,0
0xdb69d3367a04a529973740004e22daf73c5bda88f412e442d132e36363547906,580627,Dusk,0,"0,001109","3,33",2024-02-21 01:04:24,0,0,0,1,False,eyes-papi,ears-hollow,back-pumpkin,mouth-serious,horn-cactus,tail-carrot,0,0
0x2c9dbcccc201cdb25a6b571bc8665e5a0be30f7fc830f40e9c91dc21371200a6,9306536,Mech,3,"0,001","3,0",2024-02-21 01:03:45,0,0,0,1,False,eyes-scar,ears-hollow,back-ronin,mouth-axie-kiss,horn-wing-horn,tail-post-fight,0,0
0x2407be14fe525771a46f15baa2dc7cc5f490e1fad8fa1bf9fa6a732fc5a4f5b1,11985578,Bird,0,"0,0045","13,51",2024-02-21 01:02:54,0,0,0,4,False,eyes-sleepless,ears-seaslug,back-anemone,mouth-lam,horn-babylonia,tail-nimo,0,0
0xf2bb1f5638ee37fd9975238f209712f3327a62924561ea9334f5cb018e6d63d0,3225432,Plant,0,"0,001","3,0",2024-02-21 01:02:48,0,0,0,1,False,eyes-papi,ears-leafy,back-pumpkin,mouth-serious,horn-rose-bud,tail-cloud,0,0
0xe091efdf3f9d88f9613e5e06f090dbd62b5c2bd4f78be696bfdeb549a45ba2aa,10575863,Mech,4,"0,00125","3,75",2024-02-21 01:02:45,0,0,0,1,False,eyes-lucas,ears-curly,back-hero,mouth-axie-kiss,horn-dual-blade,tail-hare,0,0
0xf8caf433ef456074466a3bf725163e3ef3f0c2084dd761efb94ea45d5803ccec,11580375,Beast,0,"0,0007","2,1",2024-02-21 01:02:45,0,0,0,1,False,eyes-little-peas,ears-earwing,back-snail-shell,mouth-goda,horn-little-branch,tail-granmas-fan,0,0
0xbf0223276d049a8ac2d3a8eb77667d8921025414f825e4bf373de36e0ddbe39a,2607017,Plant,3,"0,00062","1,86",2024-02-21 01:02:18,0,0,0,1,False,eyes-scar,ears-nut-cracker,back-goldfish,mouth-catfish,horn-rose-bud,tail-nimo,0,0
0xcf93db3617c42ce3a12dd8cfc08775bfe71f7898caa442a5490fb42d66883de1,5535898,Bird,2,"0,00097382","2,92",2024-02-21 01:02:03,0,0,0,2,False,eyes-mavis,ears-early-bird,back-pigeon-post,mouth-little-owl,horn-eggshell,tail-the-last-one,0,0
0xa22525c21cf76b9bcc09561e0df1dd4af9043d5ef33a1f8636a16814ec13bd76,7244310,Plant,0,"0,00195338","5,87",2024-02-21 01:01:36,0,0,0,9,True,eyes-papi,ears-hollow,back-turnip,mouth-serious,horn-cactus,tail-cattail,0,0
0x840d2704b6869fd2d597b16bd8a78bc2c3617978243f5c1ac43ef999ca339901,6856657,Aquatic,0,"0,0007","2,1",2024-02-21 01:01:30,0,0,0,1,False,eyes-clear,ears-curly,back-indian-star,mouth-risky-fish,horn-shoal-star,tail-hare,0,0
0xcbda13f71aaea937108430f4e0a6c400f75e188de8de04661d0e3435e2bdb197,10439080,Plant,0,"0,00069","2,07",2024-02-21 01:00:18,0,0,0,1,False,eyes-papi,ears-lotus,back-hero,mouth-serious,horn-leaf-bug,tail-yam,0,0
0xf2ae85ce6c2b6de9a6158661d7793f369a70a93e795981e30e9e5c024251fab7,8992899,Dusk,0,"0,0007","2,1",2024-02-21 01:00:15,0,0,0,1,False,eyes-gero,ears-owl,back-snail-shell,mouth-tiny-turtle,horn-lagging,tail-post-fight,0,0
0xdc62645254c6a7b20bff84bbc84dd1128e1852d474c7e64cf63fce56e7fddb30,2923069,Aquatic,2,"0,0006919","2,08",2024-02-21 01:00:12,0,0,0,1,False,eyes-tricky,ears-pink-cheek,back-buzz-buzz,mouth-risky-fish,horn-rose-bud,tail-koi,0,0
0xcc0c17826c15d24fc87757155460eed076bff1ec921953c8fdcb2d1055054820,11270796,Plant,4,"0,00209878","6,3",2024-02-21 00:59:39,0,0,0,10,False,eyes-nerdy,ears-clover,back-pumpkin,mouth-serious,horn-cactus,tail-thorny-caterpillar,0,0
0x05527aea3d98445b070cf59467d22ec0baa2238618fe6ce18205080cf5c8500b,643243,Mech,3,"0,001259","3,78",2024-02-21 00:59:09,0,0,0,2,False,eyes-clear,ears-puppy,back-furball,mouth-risky-fish,horn-kestrel,tail-shrimp,0,0
0x6054f53ed70ba6e3cec9e9ec1b6e74de2f067676121284d715ae9473540d0fb6,11470791,Bird,1,"0,00068114","2,05",2024-02-21 00:59:06,0,0,0,1,False,eyes-mavis,ears-beetle-spike,back-goldfish,mouth-serious,horn-kestrel,tail-the-last-one,0,0
0xaa59470cc4eef43b418361703bec43cf49ead0a37c82726f9b9ff81b431923c3,2806195,Bird,0,"0,00068896","2,07",2024-02-21 00:58:48,0,0,0,1,False,eyes-mavis,ears-tiny-fan,back-bone-sail,mouth-peace-maker,horn-kestrel,tail-the-last-one,0,0
0x1197228c215c192358295d275cd2e07430e55df090f051bce3c90bdc6ffb6253,10488440,Beast,0,"0,00069686","2,09",2024-02-21 00:58:33,0,0,0,1,False,eyes-chubby,ears-lotus,back-ronin,mouth-mosquito,horn-imp,tail-nut-cracker,0,0
0xdca31a6d8a7e0b16c52aaae91133dc77bda02f87fc70a8c2e1a95f7749fd0861,4283710,Plant,0,"0,00069","2,07",2024-02-21 00:57:57,0,0,0,4,False,eyes-papi,ears-hollow,back-pumpkin,mouth-axie-kiss,horn-beech,tail-carrot,0,0
0xfa3dfe03fbe7b794aae34d2520a0bc8f72c4931e53c32c5b71709121c38029b8,11985056,Plant,3,"0,01","30,03",2024-02-21 00:57:54,0,0,0,1,False,eyes-cucumber-slice,ears-innocent-lamb,back-bidens,mouth-silence-whisper,horn-antenna,tail-carrot,0,0
0xe554e15a86073e9404f4cc1645be09fd0783bbdad7fe91ec18a96dd6254ef97d,5234977,Aquatic,3,"0,00125","3,75",2024-02-21 00:57:42,0,0,0,10,False,eyes-clear,ears-bubblemaker,back-goldfish,mouth-risky-fish,horn-shoal-star,tail-koi,0,0
0xe1198edab02cfaf4de153d9f7f6333199b65ec8f5a4d6deb8197bcf71714b5b6,11931917,Beast,0,"0,00079","2,37",2024-02-21 00:57:00,0,0,0,1,False,eyes-chubby,ears-earwing,back-buzz-buzz,mouth-piranha,horn-anemone,tail-gerbil,0,0
0x3c1dccb49b9fd76dd44b201dc105561cf2bb0d744e9c7bf88770d1d443f49efc,11453228,Beast,0,"0,005","15,02",2024-02-21 00:56:21,0,0,0,1,False,eyes-telescope,ears-curved-spine,back-snail-shell,mouth-lam,horn-watermelon-ice-cream,tail-cotton-candy,1,0
0x9b2797ac58acd8668dfcf561a69ead9c0c585a562487c9b0bdb129764ad87e28,6784648,Aquatic,0,"0,0006965","2,09",2024-02-21 00:56:18,0,0,0,9,True,eyes-clear,ears-inkling,back-perch,mouth-risky-fish,horn-shoal-star,tail-nimo,0,0
0x71d497f0c63c23f5032666d3b43b7b508412c28c282a6289ddfa6fca9c7adbf4,7380325,Dusk,4,"0,00299","8,98",2024-02-21 00:55:27,0,0,0,10,False,eyes-clear,ears-bubblemaker,back-snail-shell,mouth-tiny-turtle,horn-lagging,tail-thorny-caterpillar,0,0
0x98826778dfdcbcdbff64cf7fc0bdcdfa62cf532e089701fcea0512af146d3b3f,11481930,Bird,0,"0,00068403","2,05",2024-02-21 00:55:18,0,0,0,1,False,eyes-lucas,ears-hollow,back-balloon,mouth-little-owl,horn-eggshell,tail-rice,0,0
0x6810c676c88bd3e446107a9ec239b2434df352eaa7e1a1c3b1be4078cd5718e8,4880796,Beast,0,"0,0006778","2,04",2024-02-21 00:54:24,0,0,0,1,False,eyes-telescope,ears-leafy,back-ronin,mouth-nut-cracker,horn-imp,tail-nut-cracker,0,0
0xfe7e1dabdf4224a1edaed40ee47058f7acfaa9f8088b7543726f84e86dfc38ad,8490248,Dusk,4,"0,00299","8,98",2024-02-21 00:54:21,0,0,0,10,False,eyes-clear,ears-bubblemaker,back-snail-shell,mouth-tiny-turtle,horn-lagging,tail-thorny-caterpillar,0,0
0x46c7ee7756af6233932307c6d94f03b9f5ca4703260a6eb7253057487e2f8fa1,2705904,Reptile,3,"0,00333","10,0",2024-02-21 00:54:00,0,0,0,1,False,eyes-topaz,ears-curved-spine,back-sponge,mouth-doubletalk,horn-lagging,tail-thorny-caterpillar,0,0
0x6a9360e8e74de92bf90cc9b8d2c70803d7cc365e83cd9bb72099134f891c4881,10898242,Mech,0,"0,00070803","2,13",2024-02-21 00:53:54,0,0,0,9,True,eyes-robin,ears-ear-breathing,back-hero,mouth-razor-bite,horn-dual-blade,tail-hare,0,0
0x0b10b0664d46a6ad927bcc90f82a11b99733fd7458fa677cbf827fc52de9ab00,11263480,Plant,0,"0,003","9,01",2024-02-21 00:53:51,0,0,0,7,False,eyes-kotaro,ears-bubblemaker,back-bidens,mouth-mosquito,horn-scaly-spoon,tail-gravel-ant,0,0
0xed97bbf7e45a36bc10a0c4fda846db32b76d134e7072aa71570b39fd226e79a3,1336064,Reptile,2,"0,002","6,01",2024-02-21 00:53:39,0,0,0,4,False,eyes-tricky,ears-bubblemaker,back-kingfisher,mouth-nut-cracker,horn-lagging,tail-thorny-caterpillar,0,0
0xb6ef6574f43c819edd29c5d33f3a4b23cbaacc296650f0aa7b866b585cba18cf,11518377,Beast,0,"0,00067218","2,02",2024-02-21 00:53:15,0,0,0,9,True,eyes-zeal,ears-innocent-lamb,back-ronin,mouth-nut-cracker,horn-little-branch,tail-nut-cracker,0,0
0x7e76b2d6ed0aa108fa44ad0969a152b3ee5b57cbf225431a18f827dd031b5589,771281,Aquatic,3,"0,0007","2,1",2024-02-21 00:52:51,0,0,0,3,False,eyes-clear,ears-nimo,back-croc,mouth-lam,horn-anemone,tail-koi,0,0
0x7342805a1d54506e521be31b715e84e4130be0a554fb8e3b7f2f79a7345a9c16,187319,Bird,3,"0,00068","2,04",2024-02-21 00:52:48,0,0,0,2,False,eyes-mavis,ears-tiny-fan,back-raven,mouth-hungry-bird,horn-eggshell,tail-granmas-fan,0,0
0x1ec7a804cc4fd3705ac039f94aca2a1043ef7d39ad84d6f10446d70af8583930,8706290,Plant,2,"0,00084","2,52",2024-02-21 00:52:12,0,0,0,2,False,eyes-confused,ears-rosa,back-watering-can,mouth-serious,horn-leaf-bug,tail-hot-butt,0,0
0x51a44833261f9671b8d3359f10bab48a8c0149c36cc0230070917bd3e89f223c,2420162,Reptile,4,"0,0048","14,42",2024-02-21 00:51:48,0,0,0,9,False,eyes-clear,ears-bubblemaker,back-hermit,mouth-tiny-turtle,horn-lagging,tail-thorny-caterpillar,0,0
0x6b809c1f0a872e3d8bf1dcd1c987def288abbd408e8fad3930b5fdfc96fa9675,11719554,Reptile,0,"0,009","27,03",2024-02-21 00:51:42,0,0,0,10,False,eyes-gecko,ears-small-frill,back-green-thorns,mouth-silence-whisper,horn-scaly-spoon,tail-snake-jar,0,0
0xed36a48da017c114df4634f1863e0ae2539a261b4166c1f80d407186527b6613,9867556,Reptile,0,"0,00066253","1,99",2024-02-21 00:51:03,0,0,0,5,False,eyes-chubby,ears-beetle-spike,back-jaguar,mouth-tiny-turtle,horn-kestrel,tail-koi,0,0
0xdcde00747d8bf3fa84bd18ee0a23e13b62750bd47eb867f3cba6b22cb1f5cc3b,849664,Plant,4,"0,00176","5,29",2024-02-21 00:50:57,0,0,0,10,False,eyes-cucumber-slice,ears-clover,back-pumpkin,mouth-serious,horn-beech,tail-carrot,0,0
0x3816f22acef81eb7b75029936419b1d4d452d550d4e16866a66ce9c6e0a42221,7141133,Dusk,0,"0,0019","5,71",2024-02-21 00:50:57,0,0,0,1,False,eyes-puppy,ears-pink-cheek,back-tri-spikes,mouth-tiny-turtle,horn-incisor,tail-snake-jar,0,0
0x56b91cebb3769f2c78f19a5b756a31ac9193d49862f5e3ed8b9d11822d87e61a,5683292,Plant,3,"0,005","15,02",2024-02-21 00:50:42,0,0,0,1,False,eyes-tricky,ears-clover,back-shiitake,mouth-serious,horn-cactus,tail-carrot,0,0
0xce2bdd10babda96dbedc34f8060709e9039b9116a1ea77e70f35ab4dfe1d2e03,11989898,Dawn,3,"0,00748294","22,47",2024-02-21 00:50:27,0,0,0,1,False,eyes-tricky,ears-innocent-lamb,back-indian-star,mouth-silence-whisper,horn-scaly-spoon,tail-hatsune,0,0
0x88abb98bc9e1bfe1cbe435896172be8506547784c539be85f4ba6e622623f0be,11980699,Bug,4,"0,00879","26,4",2024-02-21 00:50:24,0,0,0,5,False,eyes-clear,ears-bubblemaker,back-sponge,mouth-square-teeth,horn-oranda,tail-nimo,0,0
0x6bb9bc473fd1d17505f16c28a586e3d88697ce1b4acf16d2ce95a69858954653,9709055,Mech,0,"0,0007","2,1",2024-02-21 00:49:57,0,0,0,1,False,eyes-neo,ears-puppy,back-croc,mouth-pincer,horn-wing-horn,tail-nut-cracker,0,0
0x62c580b548a21eefb0837ff02565da1a7695674f1b209c4086f9e22fdb9f2272,11646238,Dusk,0,"0,00528","15,86",2024-02-21 00:49:36,0,0,0,10,False,eyes-robin,ears-clover,back-tri-feather,mouth-silence-whisper,horn-wing-horn,tail-granmas-fan,0,0
0xdcb6f3e47facceb9a1f2eff94e792f904f93bd901a153b3f02a9e118974406c8,2053944,Bird,4,"0,001555","4,67",2024-02-21 00:49:18,0,0,0,1,False,eyes-mavis,ears-early-bird,back-raven,mouth-hungry-bird,horn-trump,tail-the-last-one,0,0
0x0d7da2847d445a23c4f4a226e8d46ee31282143c91517d3ad1964eb51d8e9b82,11734559,Beast,0,"0,00079","2,37",2024-02-21 00:48:39,0,0,0,1,False,eyes-chubby,ears-innocent-lamb,back-ronin,mouth-goda,horn-imp,tail-cottontail,0,0
0xc27f421278d47dbb59e0b37a7b009ba4dee197160a49610025a53235d83ecb72,11631697,Reptile,2,"0,00179999","5,41",2024-02-21 00:48:21,0,0,0,1,False,eyes-scar,ears-small-frill,back-green-thorns,mouth-tiny-turtle,horn-scaly-spoon,tail-cattail,0,0
0x2e25f979400a3843f2010e71a4c2531ab4505c60ddb51b6821e0e8a1ff67704f,11992203,Dusk,4,"0,0549","164,87",2024-02-21 00:48:06,0,0,0,6,False,eyes-blossom,ears-clover,back-shiitake,mouth-silence-whisper,horn-rose-bud,tail-nimo,0,0
0x4fbee08caef63ca5135dabcefd3712698deca59a4e4100355cc77319f94a76ba,11887908,Beast,0,"0,00081961","2,46",2024-02-21 00:47:48,0,0,0,1,False,eyes-chubby,ears-innocent-lamb,back-perch,mouth-axie-kiss,horn-dual-blade,tail-ranchu,0,0
0x5de920e5accf70040da2703ca6d761581fc708e39be8661b822906db7384ceee,8683631,Aquatic,2,"0,0032","9,61",2024-02-21 00:47:45,0,0,0,18,False,eyes-little-peas,ears-bubblemaker,back-sandal,mouth-risky-fish,horn-shoal-star,tail-nimo,0,0
0xbf66992f6df1bb35e94dc5f7cf1a912a29ac9f44adce4a932219ca3367bb8474,10051676,Plant,0,"0,00110548","3,32",2024-02-21 00:47:33,0,0,0,1,False,eyes-nerdy,ears-clover,back-bone-sail,mouth-zigzag,horn-leaf-bug,tail-hot-butt,0,0
0x40c3e9556589c858de29c524ceb89be052c0dbabbb13f2f56a3e971cdcb3eb7a,11428514,Reptile,2,"0,001284","3,86",2024-02-21 00:46:54,0,0,0,1,False,eyes-gecko,ears-swirl,back-green-thorns,mouth-tiny-turtle,horn-incisor,tail-iguana,0,0
0x7bb2d6476955ba565846bf98e52a2e5cb6b35d70c365650ed898c715217f50c6,9131870,Plant,4,"0,00069","2,07",2024-02-21 00:46:42,0,0,0,4,False,eyes-little-owl,ears-lotus,back-pumpkin,mouth-serious,horn-leaf-bug,tail-yam,0,0
0x433823becfd178219b449c84a54dbd685e09d999010b63c842730aef40365c41,11588006,Plant,0,"0,0013","3,9",2024-02-21 00:46:18,0,0,0,5,False,eyes-clear,ears-pink-cheek,back-snail-shell,mouth-kotaro,horn-rose-bud,tail-carrot,0,0
0x5b87a8e0a8abe62e12fd831604aa7eac060c41489c2b4d2925b574c3eb838fdf,11987987,Dawn,0,"0,00529647","15,91",2024-02-21 00:46:18,0,0,0,3,False,eyes-topaz,ears-innocent-lamb,back-hermit,mouth-piranha,horn-bumpy,tail-nimo,0,0
0x5f57a69bfd841358661656bfcc28435106192cb5730c0d6af17de64076872f81,11673503,Plant,0,"0,0007","2,1",2024-02-21 00:45:33,0,0,0,2,False,eyes-nerdy,ears-owl,back-pigeon-post,mouth-little-owl,horn-feather-spear,tail-potato-leaf,0,0
0xfbe6e59175c915d9a5d5c482eac916474600d243ec28b2f889b3cd135c0ad287,11473014,Dusk,4,"0,03134","94,12",2024-02-21 00:45:21,0,0,0,21,False,eyes-clear,ears-small-frill-2,back-green-thorns-2,mouth-tiny-turtle,horn-scaly-spoon,tail-gila,0,0
0xf7c1723d1d3cd0280421416aa26d844b107800574594a947554e2664c15d5d3e,11832381,Plant,1,"0,00085232","2,56",2024-02-21 00:45:09,0,0,0,9,True,eyes-lucas,ears-leafy,back-timber,mouth-confident,horn-bamboo-shoot,tail-shrimp,0,0
0x31d9a3dd51af3e96668fa02cf4c0b1842e636d1eb04ce91394faebbe1cd390ba,8221285,Plant,0,"0,0007","2,1",2024-02-21 00:44:51,0,0,0,4,False,eyes-papi,ears-leafy,back-turnip,mouth-serious,horn-rose-bud,tail-carrot,0,0
0x1e69d98d3567235af7beb71da96c466bc19f80003cd7dd448eca7ddbfe1e9006,11726683,Reptile,4,"0,0026","7,81",2024-02-21 00:43:24,0,0,0,14,False,eyes-gecko,ears-innocent-lamb,back-green-thorns,mouth-tiny-turtle,horn-watermelon,tail-yam,0,0
0x6b42a08b9a24f1d6646147133eb1bd78e74703c675718b74c28db7a40d6fb73c,11739849,Bug,0,"0,0016","4,81",2024-02-21 00:42:24,0,0,0,9,True,eyes-little-owl,ears-bubblemaker,back-raven,mouth-doubletalk,horn-parasite,tail-tadpole,0,0
0x1a53d777f5c75785f6ff5c67e7d12ee96a02e4d435d7992d0951e76822ab8455,11797804,Beast,0,"0,00079","2,37",2024-02-21 00:42:15,0,0,0,1,False,eyes-chubby,ears-earwing,back-timber,mouth-confident,horn-kestrel,tail-granmas-fan,0,0
0x2def67fc888ec0de8250a94b27600db408a3ae18fb81ffe7e2aa87e70de48da9,11888047,Mech,4,"0,0041","12,31",2024-02-21 00:40:51,0,0,0,25,False,eyes-sleepless,ears-nimo,back-sandal,mouth-piranha,horn-merry,tail-nimo,0,0
0xff6ab9e6d096ac562e2c0ad9c5d2a0578c38d87336fd592b2c28c4ff36a9b3de,11382999,Beast,0,"0,005","15,02",2024-02-21 00:40:21,0,0,0,9,False,eyes-clear,ears-gill,back-goldfish,mouth-toothless-bite,horn-strawberry-ice-cream,tail-cotton-candy,1,0
0x6cf42af8cf041b0cc7f838221780b764ededd9f3156efdecb8fe80ff5440a69a,5834754,Reptile,2,"0,001","3,0",2024-02-21 00:40:18,0,0,0,1,False,eyes-kotaro,ears-ear-breathing,back-snail-shell,mouth-tiny-turtle,horn-lagging,tail-thorny-caterpillar,0,0
0x92927651786d47ad4ff97177c81a8e4d54ef3ec58c4322dc4cd936c787022afe,7726778,Plant,0,"0,000524","1,57",2024-02-21 00:39:51,0,0,0,8,False,eyes-papi,ears-clover,back-pigeon-post,mouth-serious,horn-leaf-bug,tail-yam,0,0
0xa4fa8fb0b4df5ca4938ba331326dd9f93e550e944789142cf1fa69ff75c2a87a,3482559,Reptile,2,"0,000582","1,75",2024-02-21 00:39:30,0,0,0,8,False,eyes-confused,ears-pogona,back-garish-worm,mouth-serious,horn-lagging,tail-fish-snack,0,0
0xe78231a9fa96f781c95e90259521b5dc7af90f2a93e30ec62c8b4f240e90c1dc,6322209,Bird,4,"0,00164783","4,95",2024-02-21 00:39:21,0,0,0,10,False,eyes-mavis,ears-early-bird,back-balloon,mouth-little-owl,horn-eggshell,tail-the-last-one,0,0
0x391b0090165690e73456a23fb09d0762886ecb9fd62d3a899853f5b255b43d3f,11982411,Bug,3,"0,00149","4,47",2024-02-21 00:39:15,0,0,0,1,False,eyes-neo,ears-innocent-lamb,back-indian-star,mouth-silence-whisper,horn-incisor,tail-pupae,0,0
0x56b56e5b4a2a39ce3b5ab7f66674de4d94c8f95b1a815c291ad20aa92c071db2,9998811,Dusk,0,"0,00508","15,26",2024-02-21 00:37:48,0,0,0,13,False,eyes-clear,ears-bubblemaker,back-garish-worm,mouth-tiny-turtle,horn-wing-horn,tail-grass-snake,0,0
0x2dc6424151058d451c51ba4ec5d465d3363eb23277baa68a3129f49697b2d99a,7787746,Reptile,3,"0,0019","5,71",2024-02-21 00:37:36,0,0,0,3,False,eyes-scar,ears-swirl,back-tri-spikes,mouth-kotaro,horn-cerastes,tail-snake-jar,0,0
0xc5c2f587847ee40a439eff9db6ae9d97fbc0d640a134edc8abd6c4db3a54dbd1,7595710,Plant,3,"0,0008","2,4",2024-02-21 00:37:09,0,0,0,10,False,eyes-papi,ears-rosa,back-pumpkin,mouth-serious,horn-leaf-bug,tail-yam,0,0
0x796a9789ceeed4b1e1fc10506a71b41a0a7a7ef4f43f671b8607ab6f508ab1b0,11315690,Aquatic,2,"0,00537734","16,15",2024-02-21 00:37:03,0,0,0,9,True,eyes-lucas,ears-inkling,back-spiky-wing,mouth-piranha,horn-oranda,tail-koi,0,0
0x49a137e0dd5a784f2ebeec98e7698b4d8f18cc481312a46eb143405c96759b7e,11985142,Reptile,5,"0,0175","52,56",2024-02-21 00:36:06,0,0,0,7,False,eyes-tricky,ears-nimo,back-goldfish,mouth-kotaro,horn-cactus,tail-nimo,0,0
0xa2706a219e717d75c7406feb238e15ad6b3c3fddeb4ac62c518179dbb5a6b6c9,11986538,Dusk,4,"0,025","75,08",2024-02-21 00:34:48,0,0,0,1,False,eyes-gero,ears-nimo,back-sandal,mouth-square-teeth,horn-babylonia,tail-nimo,0,0
0x27f0e15f632c1cf55030aa96c6bd8eab21ca52e40a4cd98c982f0ea2c9df42a5,1553208,Bird,3,"0,00142145","4,27",2024-02-21 00:34:30,0,0,0,2,False,eyes-mavis,ears-owl,back-cupid,mouth-axie-kiss,horn-kestrel,tail-post-fight,0,0
0xe1a8eb165fcc2e3117ce053429e6b4f17411c1b09f1fa8b56a46103fd8cde969,11986540,Dusk,1,"0,025","75,08",2024-02-21 00:34:15,0,0,0,1,False,eyes-sleepless,ears-nimo,back-sandal,mouth-piranha,horn-anemone,tail-nimo,0,0
0x814242769c45dc8b0733e9c33f9bc64f1b1dc564f0130d36264c0ff6e4816b93,6847554,Aquatic,2,"0,00068","2,04",2024-02-21 00:33:57,0,0,0,9,True,eyes-clear,ears-small-frill,back-goldfish,mouth-lam,horn-pocky,tail-nimo,0,0
0x03e2d32a38d199c41f01bcd32cb60070a51d7b8906493bc9d276e101c8e2d132,9891274,Reptile,0,"0,005","15,02",2024-02-21 00:33:45,0,0,0,1,False,eyes-sleepless,ears-friezard,back-tri-spikes,mouth-kotaro,horn-cerastes,tail-snake-jar,0,0
0x5eb0a0cacf6490a5d86a73acac157a5989df58fed5ecae720bdbc84bdb578cb0,11918641,Aquatic,0,"0,00069419","2,08",2024-02-21 00:33:27,0,0,0,6,False,eyes-little-owl,ears-leafy,back-cupid,mouth-piranha,horn-pocky,tail-ranchu,0,0
