User ID,Name,Rank,Elo,Tier,Avatar,ended_time,axie_1,axie_2,axie_3,vstar,axie_1_rune,axie_2_rune,axie_3_rune,axie_1_eyes_charm,axie_1_mouth_charm,axie_1_ears_charm,axie_1_horn_charm,axie_1_back_charm,axie_1_tail_charm,axie_2_eyes_charm,axie_2_mouth_charm,axie_2_ears_charm,axie_2_horn_charm,axie_2_back_charm,axie_2_tail_charm,axie_3_eyes_charm,axie_3_mouth_charm,axie_3_ears_charm,axie_3_horn_charm,axie_3_back_charm,axie_3_tail_charm,Axie 1 Eyes Part ID,Axie 1 Ears Part ID,Axie 1 Horn Part ID,Axie 1 Back Part ID,Axie 1 Mouth Part ID,Axie 1 Tail Part ID,Axie 1 Class,Axie 2 Eyes Part ID,Axie 2 Ears Part ID,Axie 2 Horn Part ID,Axie 2 Back Part ID,Axie 2 Mouth Part ID,Axie 2 Tail Part ID,Axie 2 Class,Axie 3 Eyes Part ID,Axie 3 Ears Part ID,Axie 3 Horn Part ID,Axie 3 Back Part ID,Axie 3 Mouth Part ID,Axie 3 Tail Part ID,Axie 3 Class,Comp
1ee0fde1-f74e-692c-b0ed-5bf72f610f7f,Zony,1,Chick,1,genkai_1;genkai_1,2024-04-02 07:54:37,11820096,11854499,11832178,250,rune_plant_4012_s7_offseason,rune_plant_4010_s7_offseason,rune_neutral_4010_s7_offseason,ecard_neutral_2021_s7_offseason,ecard_neutral_3010_s7,ecard_neutral_2012_s7,ecard_neutral_4015_s7_offseason,ecard_neutral_2010_s7,,ecard_neutral_3010_s7_offseason,,ecard_neutral_2012_s7,ecard_neutral_4015_s7_offseason,ecard_plant_2011_s7_offseason,ecard_neutral_3010_s7,ecard_neutral_3010_s7_offseason,,ecard_neutral_4015_s7_offseason,ecard_neutral_2016_s7_offseason,ecard_beast_2011_s7_offseason,ecard_neutral_3010_s7_offseason,Clear,Leafy,Timber,Serious,Bamboo Shoot,Hot Butt,Plant,Little Peas,Leafy,Pumpkin,Razor Bite,Bamboo Shoot,Shrimp,Plant,Little Peas,Leafy,Ronin,Serious,Bamboo Shoot,Shrimp,Beast,Leafy
1ec9eb6f-6186-608b-a60c-e94ad848cf10,Alphangs | AE | YGG,2,Chick,2,rouge_s7;s7_swamp_reed,2024-04-03 02:44:38,11885219,11991800,11990459,210,rune_mech_4011_s7_offseason,rune_aquatic_4010_s7_offseason,rune_neutral_4011_s7_offseason,ecard_neutral_2010_s7,ecard_neutral_2010_s7,ecard_aquatic_3013_s7_offseason,ecard_neutral_2018_s7,ecard_aquatic_noir_1,,ecard_neutral_1010_s7,,ecard_aquatic_2013_s7_offseason,ecard_neutral_2010_s7_offseason,ecard_aquatic_puffy_1,ecard_aquatic_2013_s7_offseason,ecard_reptile_3013_s7_offseason,ecard_neutral_2010_s7_offseason,ecard_neutral_2017_s7,ecard_neutral_2010_s7_offseason,ecard_aquatic_noir_1,,Little Peas,Nimo,Sponge,Square Teeth,Oranda,Nimo,Mech,Sleepless,Nimo,Sponge,Square Teeth,Shoal Star,Nimo,Aquatic,Gecko,Nimo,Sponge,Catfish,Cactus,Nimo,Reptile,Bubble
1ec9eb77-77b1-6d99-a60c-6376c7b712f8,O11ZE,3,Chick,3,s3_top20k;silver_s4,2024-04-03 01:33:18,11948167,11995420,11912960,140,rune_neutral_3012_s7_offseason,rune_reptile_4011_s7_offseason,rune_reptile_4010_s7_offseason,ecard_reptile_3013_s7_offseason,ecard_reptile_2011_s7_offseason,,ecard_neutral_2010_s7,ecard_reptile_4011_s7_offseason,ecard_reptile_2013_s7_nondec,,ecard_plant_3011_s7_offseason,ecard_reptile_4012_s7_offseason,ecard_plant_2011_s7_offseason,ecard_reptile_4011_s7_offseason,ecard_reptile_2013_s7_offseason,,ecard_plant_3011_s7_offseason,ecard_reptile_4012_s7_offseason,,ecard_reptile_4011_s7_offseason,ecard_neutral_4014_s7_offseason,Gecko,Friezard,Green Thorns,Tiny Turtle,Oranda,Gila,Reptile,Gecko,Small Frill,Green Thorns,Silence Whisper,Watermelon,Gila,Reptile,Gecko,Small Frill,Green Thorns,Silence Whisper,Watermelon,Gila,Reptile,Poison
1ec9eb7e-3df9-6206-a60c-408101f33e33,Nathangel,4,Chick,3,cute_ena;bronze_s3,2024-03-31 23:01:08,11990641,11910442,11981640,140,rune_mech_4011_s7_offseason,rune_beast_4010_s7_offseason,rune_beast_3012_s7_offseason,ecard_beast_4012_s7_offseason,ecard_beast_4012_s7_offseason,ecard_beast_4012_s7_offseason,ecard_neutral_1001,ecard_neutral_2011_s7_offseason,ecard_neutral_2011_s7_offseason,,ecard_beast_4012_s7_offseason,ecard_beast_4012_s7_offseason,ecard_beast_2011_s7_offseason,ecard_beast_2011_s7_offseason,ecard_neutral_4010_s7_offseason,ecard_beast_4012_s7_offseason,ecard_beast_4012_s7_offseason,ecard_beast_4012_s7_offseason,ecard_beast_2011_s7_offseason,ecard_beast_3010_s7_offseason,,Puppy,Zen,Ronin,Confident,Imp,Shiba,Mech,Little Peas,Zen,Ronin,Confident,Imp,Shrimp,Beast,Puppy,Zen,Ronin,Confident,Imp,Shiba,Beast,Rage
1ec9eb6f-8cbe-614f-a60c-0ecac4f1c3e3,__c0NsTanT!nE__,5,Chick,3,rouge_s7;patrick23,2024-04-03 00:36:17,3133831,11328489,2809992,140,rune_neutral_4011_s7_offseason,rune_bird_4012_s7_offseason,rune_dawn_3012_s7_offseason,ecard_neutral_3016_s7_offseason,ecard_neutral_2018_s7_offseason,ecard_neutral_2018_s7,ecard_neutral_2010_s7_offseason,ecard_neutral_2010_s7_offseason,ecard_neutral_2010_s7_offseason,ecard_neutral_3016_s7_offseason,ecard_neutral_2018_s7_offseason,ecard_neutral_1010_s7,ecard_neutral_4015_s7_offseason,ecard_neutral_2010_s7_offseason,ecard_neutral_2010_s7_offseason,ecard_neutral_3016_s7_offseason,ecard_neutral_2018_s7,ecard_neutral_2018_s7,ecard_neutral_2010_s7_offseason,,ecard_bird_4010_s7_offseason,Mavis,Peace Maker,Timber,Peace Maker,Eggshell,Feather Fan,Bird,Mavis,Curly,Mint,Peace Maker,Eggshell,The Last One,Bird,Mavis,Peace Maker,Raven,Peace Maker,Eggshell,Granma's Fan,Dawn,Bird Summon
1ec9eb6f-61da-6daf-a60c-cbc8218f4856,Drixsoul | GCD,6,Chick,3,0;0,2024-04-03 03:32:55,11769969,11806425,11751943,140,rune_dusk_4010_s7_offseason,rune_dusk_4012_s7_offseason,rune_neutral_4011_s7_nondec,ecard_neutral_2017_s7,ecard_neutral_4012_s7_offseason,ecard_neutral_4012_s7_offseason,,,ecard_neutral_4012_s7_offseason,ecard_neutral_2017_s7,ecard_neutral_4012_s7_offseason,ecard_neutral_4012_s7_offseason,,ecard_neutral_4012_s7_offseason,,ecard_neutral_2017_s7,ecard_neutral_4012_s7_nondec,ecard_neutral_4012_s7_offseason,,ecard_neutral_4012_s7_offseason,,Papi,Inkling,Garish Worm,Doubletalk,Parasite,Tadpole,Dusk,Neo,Inkling,Raven,Doubletalk,Shoal Star,Cottontail,Dusk,Neo,Inkling,Raven,Doubletalk,Parasite,Tadpole,Bug,Jinx
1ec9eb6f-5585-6163-a60c-479991ed872b,tang inang laro to,7,Chick,3,s3_top20k;0,2024-04-02 05:05:12,11914080,11914337,11928957,140,rune_neutral_3011_s7_offseason,rune_mech_4012_s7_offseason,rune_aquatic_4012_s7_offseason,ecard_neutral_3010_s7_offseason,ecard_neutral_2011_s7_offseason,ecard_neutral_2017_s7_offseason,ecard_neutral_2018_s7_offseason,ecard_neutral_4013_s7_offseason,,ecard_neutral_3010_s7_offseason,ecard_neutral_2011_s7_offseason,ecard_neutral_2017_s7_offseason,ecard_neutral_2018_s7_offseason,ecard_neutral_4013_s7_offseason,,ecard_neutral_3010_s7_offseason,ecard_aquatic_2011_s7_offseason,ecard_neutral_2017_s7_offseason,ecard_neutral_2018_s7_offseason,ecard_neutral_4013_s7_offseason,,Little Peas,Nimo,Sandal,Axie Kiss,Babylonia,Nimo,Bug,Little Peas,Nimo,Sandal,Cute Bunny,Babylonia,Nimo,Mech,Sleepless,Nimo,Sandal,Piranha,Babylonia,Nimo,Aquatic,Sandal
1ec9eb77-8979-6ac8-a60c-69bccb35dcc3,:),8,Chick,3,11;s6_lotus_petal,2024-04-03 09:00:11,11857700,11829429,11822843,140,,,,,,,,,,,,,,,,,,,,,,Clear,Leafy,Buzz Buzz,Square Teeth,Bamboo Shoot,Nimo,Aquatic,Sleepless,Leafy,Buzz Buzz,Piranha,Bamboo Shoot,Cottontail,Plant,Blossom,Leafy,Buzz Buzz,Catfish,Bamboo Shoot,Nimo,Aquatic,Leafy
1ec9eb7e-50f2-6162-a60c-c0a9c14c8f8f,BOSS TOYO,9,Chick,3,0;bandila_celebration,2024-04-02 09:26:54,11955853,11937591,11955858,140,rune_mech_4011_s7_offseason,rune_beast_4010_s7_offseason,rune_beast_3012_s7_offseason,ecard_beast_3013_s7_offseason,ecard_beast_4012_s7_offseason,ecard_neutral_2015_s7_offseason,,ecard_neutral_2012_s7_offseason,ecard_aquatic_3012_s7_offseason,ecard_beast_4012_s7_offseason,ecard_beast_4012_s7_offseason,ecard_aquatic_3012_s7_nft,ecard_beast_2011_s7_nft,ecard_aquatic_3011_s7_nft,,ecard_beast_3013_s7_nondec,ecard_beast_4012_s7_offseason,ecard_neutral_2017_s7_nft,ecard_beast_2011_s7_nft,ecard_aquatic_3011_s7_nft,ecard_neutral_1010_s7,Puppy,Innocent Lamb,Perch,Confident,Little Branch,Nimo,Mech,Puppy,Nimo,Perch,Confident,Imp,Nimo,Beast,Puppy,Nimo,Perch,Confident,Imp,Nimo,Beast,Perch
1ed80c20-1bb2-65a8-8acd-42b54b69e804,Kurosai,10,Chick,3,rouge_s7;s7_goldenwood,2024-03-25 05:33:50,11978134,11977985,11997979,140,rune_bird_3012_s7_offseason,rune_bird_4010_s7_offseason,rune_mech_4011_s7_offseason,,ecard_neutral_2014_s7,ecard_bird_4012_s7_offseason,ecard_neutral_4014_s7_offseason,ecard_neutral_2012_s7,ecard_bird_4012_s7_offseason,ecard_bug_3011_s7_offseason,,,ecard_neutral_4014_s7_offseason,ecard_bird_3012_s7_offseason,ecard_bird_3012_s7_offseason,ecard_bird_4012_s7_offseason,ecard_neutral_2011_s7,,ecard_neutral_4014_s7_offseason,ecard_bird_4012_s7_offseason,ecard_neutral_2012_s7,Bookworm,Pink Cheek,Tri Feather,Confident,Wing Horn,Cloud,Bird,Kotaro?,Earwing,Tri Feather,Kotaro,Wing Horn,Cloud,Bird,Lucas,Beetle Spike,Tri Feather,Peace Maker,Wing Horn,Feather Fan,Mech,Feather
1ecb9c90-fc57-663f-af6c-cc6e7c4c5fc1,elmark3s /4LIVE,11,Chick,3,s6_light_halloween_venoki;fluffy_hooves,2024-04-02 18:28:04,10257887,10359697,4810088,140,rune_dusk_4010_s7_offseason,rune_neutral_4011_s7_offseason,rune_plant_4010_s7_offseason,,ecard_neutral_2018_s7_offseason,,ecard_neutral_4012_s7_offseason,ecard_neutral_4012_s7_offseason,ecard_neutral_2021_s7_offseason,,ecard_neutral_2018_s7_offseason,ecard_aquatic_4010_s7_offseason,ecard_neutral_4012_s7_offseason,ecard_neutral_4012_s7_offseason,,,ecard_neutral_2011_s7_offseason,ecard_neutral_2020_s7,ecard_neutral_2020_s7,ecard_plant_4010_s7_offseason,ecard_plant_3012_s7_offseason,Clear,Bubblemaker,Snail Shell,Tiny Turtle,Lagging,Shiba,Dusk,Clear,Bubblemaker,Snail Shell,Tiny Turtle,Lagging,Thorny Caterpillar,Dusk,Mavis,Lotus,Mint,Serious,Leaf Bug,Cattail,Plant,Goo
1ec9eb7e-5816-6694-a60c-48341545a026,Guttsmann | R! | RoninRealms,12,Chick,3,s6_light_halloween_venoki;s7_swamp_reed,2024-04-02 08:51:16,11932502,11649690,11970792,140,rune_reptile_4011_s7_offseason,rune_beast_4010_s7_nondec,rune_beast_4011_s7_offseason,ecard_neutral_4014_s7_nondec,,,ecard_neutral_2011_s7_offseason,ecard_neutral_4015_s7_offseason,ecard_neutral_2025_s7_offseason,ecard_beast_3013_s7_offseason,ecard_beast_3013_s7_offseason,,ecard_neutral_3012_s7_offseason,,ecard_neutral_2010_s7_offseason,ecard_neutral_4014_s7_offseason,,,ecard_beast_4010_s7_nondec,ecard_neutral_2012_s7_offseason,ecard_beast_4010_s7_nondec,Chubby,Pink Cheek,Cupid,Toothless Bite,Watermelon,Ranchu,Reptile,Puppy,Pink Cheek,Tri Feather,Confident,Wing Horn,Cottontail,Beast,Chubby,Earwing,Cupid,Catfish,Arco,Gerbil,Beast,Bleed
1ec9eb7e-589f-6141-a60c-6766c716e8af,nftea.ron,13,Chick,3,s5_top20k;s7_swamp_reed,2024-04-02 07:50:00,11955307,11967644,11886660,140,rune_neutral_3011_s7,rune_mech_4011_s7_offseason,rune_aquatic_4012_s7_offseason,ecard_neutral_3010_s7,ecard_neutral_3010_s7_offseason,ecard_neutral_2017_s7_nondec,,ecard_bug_4011_s7_offseason,,ecard_neutral_1001,ecard_neutral_2011_s7,ecard_neutral_2017_s7,ecard_neutral_3010_s7,ecard_neutral_3012_s7_nondec,ecard_neutral_1010_s7,,ecard_neutral_2010_s7_nft,ecard_neutral_2010_s7,ecard_neutral_3010_s7,ecard_neutral_3012_s7_offseason,ecard_neutral_2010_s7_offseason,Sleepless,Nimo,Sandal,Square Teeth,Shoal Star,Nimo,Dawn,Papi,Nimo,Sandal,Piranha,Babylonia,Nimo,Mech,Clear,Nimo,Sandal,Hungry Bird,Babylonia,Nimo,Aquatic,Sandal
1ee3846b-b7ee-62e4-8879-b4b6651db775,Pencilgon,14,Chick,3,7;s7_swamp_reed,2024-04-02 23:51:52,11865796,11743700,11843680,140,rune_dusk_4011_s7_offseason,rune_bug_3012_s7_offseason,rune_dusk_4010_s7_offseason,ecard_plant_2011_s7_offseason,ecard_neutral_4012_s7_offseason,ecard_neutral_4012_s7_offseason,ecard_neutral_1010_s7,,ecard_neutral_4012_s7_offseason,ecard_neutral_2010_s7_offseason,ecard_neutral_4012_s7_offseason,ecard_neutral_4012_s7_offseason,ecard_neutral_1010_s7,,ecard_neutral_4012_s7_offseason,ecard_neutral_1010_s7,ecard_neutral_4012_s7_offseason,ecard_neutral_4012_s7_offseason,,ecard_bug_4011_s7_offseason,ecard_plant_2011_s7_offseason,Papi,Inkling,Kingfisher,Doubletalk,Parasite,Tadpole,Dusk,Neo,Inkling,Kingfisher,Doubletalk,Parasite,Tadpole,Bug,Neo,Inkling,Garish Worm,Doubletalk,Shoal Star,Cattail,Dusk,Jinx
1ed1caf6-688b-6196-ae7b-b48d91b0ca71,MvP.Hunter,15,Chick,4,7;s7_bamboo,2024-03-28 08:36:24,11553403,7288400,7288369,130,rune_aquatic_2011_s7_offseason,rune_aquatic_2011_s7_offseason,rune_aquatic_2011_s7_offseason,,,,,,,,,,,,,ecard_aquatic_3012_s7_offseason,,ecard_aquatic_3013_s7_offseason,ecard_aquatic_3010_s7_offseason,ecard_neutral_3010_s7_offseason,ecard_neutral_1001,Sleepless,Seaslug,Goldfish,Risky Fish,Babylonia,Pupae,Aquatic,Gero,Nimo,Anemone,Lam,Anemone,Nimo,Aquatic,Gero,Nimo,Anemone,Lam,Anemone,Nimo,Aquatic,Anemone
1ec9eb73-82cd-6c22-a60c-5b1c8eea6f6c,Bordok # Triple E,16,Chick,4,s6_top20k;s7_lilly_pad,2024-04-02 23:10:30,7816806,7,11411026,120,rune_neutral_4011_s7_offseason,rune_reptile_venoki_1,rune_reptile_3010_s7_offseason,,ecard_neutral_2018_s7,ecard_reptile_3011_s7_offseason,ecard_reptile_2012_s7_offseason,ecard_reptile_4011_s7_offseason,ecard_neutral_4011_s7_nondec,ecard_reptile_3010_s7_offseason,ecard_reptile_3010_s7_offseason,ecard_reptile_3012_s7_nondec,ecard_neutral_2011_s7_offseason,ecard_plant_0001,ecard_bug_2011_s7_nft,ecard_neutral_2014_s7,ecard_reptile_2013_s7_offseason,ecard_reptile_3011_s7_offseason,ecard_reptile_3011_s7_offseason,ecard_reptile_4011_s7_nondec,ecard_reptile_2013_s7_nondec,Gecko,Curved Spine,Green Thorns,Tiny Turtle,Scaly Spoon,Tiny Dino,Reptile,,,,,,,,Tricky,Curved Spine,Green Thorns,Razor Bite,Scaly Spoon,Gila,Reptile,Poison
1ec9eb7e-59bd-6aa0-a60c-0e36ff9b85ff,Ricardo Milos,17,Chick,4,rouge_s7;s7_lilly_pad,2024-04-03 03:33:12,11463624,11901882,11566787,120,rune_reptile_3010_s7_offseason,rune_reptile_venoki_1,rune_reptile_4010_s7_offseason,,ecard_reptile_2013_s7_offseason,ecard_neutral_2017_s7_offseason,ecard_reptile_2011_s7_offseason,ecard_neutral_2017_s7_offseason,ecard_reptile_3012_s7_offseason,ecard_neutral_1010_s7,ecard_reptile_2013_s7_offseason,ecard_neutral_2017_s7_offseason,ecard_reptile_2012_s7_offseason,ecard_neutral_2017_s7_offseason,ecard_reptile_venoki_1,ecard_neutral_1010_s7,ecard_reptile_2013_s7_offseason,ecard_neutral_2017_s7_offseason,ecard_reptile_3013_s7_offseason,ecard_neutral_2017_s7_offseason,ecard_neutral_2012_s7_offseason,Gecko,Small Frill,Green Thorns,Tiny Turtle,Scaly Spoon,Gila,Reptile,Gecko,Small Frill,Green Thorns,Tiny Turtle,Scaly Spoon,Grass Snake,Reptile,Gecko,Small Frill,Green Thorns,Tiny Turtle,Scaly Spoon,Gila,Reptile,Poison
1ecd8b7c-4dd6-6892-96ac-2f3946bb5122,"66,6%Cat litter ™",18,Chick,4,cute_puffy;s7_lilly_pad,2024-04-03 01:30:10,11707919,11704323,11689932,120,rune_neutral_3012_s7_offseason,rune_beast_4010_s7_offseason,rune_neutral_4011_s7_offseason,ecard_beast_3013_s7_offseason,ecard_neutral_3010_s7_offseason,ecard_neutral_1010_s7,ecard_neutral_4014_s7_offseason,ecard_bird_2012_s7_offseason,,ecard_neutral_4014_s7_offseason,,ecard_neutral_3015_s7_offseason,ecard_bird_3011_s7_offseason,ecard_reptile_2012_s7_offseason,ecard_bird_2012_s7_offseason,,ecard_beast_3013_s7_offseason,ecard_reptile_3011_s7_offseason,ecard_neutral_4014_s7_offseason,ecard_bird_2012_s7_offseason,ecard_neutral_3015_s7,Little Peas,Innocent Lamb,Tri Feather,Hungry Bird,Wing Horn,Cottontail,Bug,Chubby,Earwing,Indian Star,Confident,Wing Horn,Granma's Fan,Beast,Kotaro?,Curved Spine,Tri Feather,Confident,Wing Horn,Granma's Fan,Beast,Feather
1edb14b0-2d30-6dd9-a68c-dfd669dc8fad,Jdogs,19,Chick,4,latam_1;s7_swamp_reed,2024-04-02 20:36:46,11758360,11953167,11806770,120,rune_plant_4012_s7_offseason,rune_plant_4010_s7_offseason,rune_plant_3012_s7_offseason,ecard_neutral_2017_s7_offseason,ecard_aquatic_3010_s7_offseason,ecard_plant_3012_s7_offseason,ecard_plant_2011_s7_offseason,ecard_beast_3010_s7_nondec,ecard_plant_2011_s7_offseason,ecard_neutral_2011_s7,ecard_neutral_2017_s7,ecard_plant_3012_s7_offseason,ecard_plant_3010_s7_offseason,ecard_neutral_2012_s7,ecard_neutral_2018_s7,ecard_bug_2011_s7_offseason,ecard_plant_3010_s7_offseason,ecard_plant_3012_s7_nondec,,ecard_neutral_2017_s7_offseason,ecard_plant_4011_s7_offseason,Papi,Leafy,Hero,Lam,Bamboo Shoot,Hot Butt,Plant,Little Peas,Leafy,Buzz Buzz,Silence Whisper,Bamboo Shoot,Iguana,Plant,Neo,Leafy,Pumpkin,Zigzag,Bamboo Shoot,Carrot,Plant,Leafy
1ed16504-9eb9-60b5-92fd-234e79764db1,Linhhh,20,Chick,4,11;s5_bamboo,2024-03-20 07:38:19,792261,11681939,9378802,120,rune_plant_4012_s7_offseason,rune_bird_4012_s7_offseason,rune_plant_4011_s7_offseason,ecard_plant_4010_s7_offseason,ecard_plant_2011_s7_offseason,ecard_plant_3010_s7_offseason,ecard_plant_3011_s7_offseason,ecard_plant_2011_s7_offseason,ecard_plant_2011_s7_offseason,ecard_bird_3011_s7_offseason,ecard_bird_3011_s7_offseason,ecard_bird_momo_1,ecard_neutral_2010_s7_offseason,ecard_bird_momo_1,ecard_neutral_1010_s7,ecard_plant_4010_s7_offseason,ecard_plant_2011_s7_offseason,ecard_plant_3010_s7_offseason,ecard_bug_3010_s7_offseason,ecard_plant_2011_s7_offseason,ecard_plant_2011_s7_offseason,Papi,Hollow,Pumpkin,Serious,Rose Bud,Carrot,Plant,Little Owl,Owl,Tri Feather,Little Owl,Imp,Feather Fan,Bird,Papi,Hollow,Pumpkin,Serious,Leaf Bug,Hot Butt,Plant,Healing
1ee6cc10-3736-65ea-8ab1-21f8f111fad2,Arbyzik,21,Chick,4,11;s6_bamboo,2024-04-02 12:17:16,11873822,11821658,11891395,100,rune_plant_4012_s7_offseason,rune_plant_3010_s7_offseason,rune_reptile_4010_s7_offseason,ecard_neutral_1010_s7,ecard_reptile_2011_s7_offseason,ecard_reptile_2011_s7_offseason,ecard_neutral_2018_s7,ecard_reptile_4011_s7_offseason,ecard_neutral_2017_s7_offseason,,ecard_reptile_2011_s7_offseason,ecard_reptile_2011_s7_offseason,ecard_neutral_2018_s7_offseason,ecard_reptile_4011_s7_offseason,ecard_plant_4010_s7_offseason,ecard_reptile_2011_s7_offseason,ecard_neutral_2011_s7,ecard_reptile_2011_s7_offseason,ecard_neutral_2018_s7_offseason,ecard_reptile_4011_s7_offseason,ecard_neutral_2017_s7_offseason,Gecko,Small Frill,Green Thorns,Tiny Turtle,Watermelon,Potato Leaf,Plant,Gecko,Small Frill,Green Thorns,Tiny Turtle,Watermelon,Potato Leaf,Plant,Gecko,Small Frill,Green Thorns,Tiny Turtle,Watermelon,Potato Leaf,Reptile,Poison
1ece34cd-92e9-6a43-8b21-b6ab22c19e58,YARRRN,22,Chick,4,7;paschal_eggs,2024-04-02 06:46:34,6376224,11981620,8541391,100,rune_reptile_4010_s7_offseason,rune_mech_4010_s7_offseason,rune_dusk_4010_s7_offseason,,ecard_neutral_3013_s7_offseason,ecard_neutral_2013_s7,,ecard_neutral_4011_s7_offseason,ecard_neutral_4015_s7_offseason,,ecard_neutral_4015_s7_offseason,ecard_neutral_2010_s7,ecard_neutral_2011_s7_offseason,ecard_neutral_4012_s7_offseason,ecard_neutral_4015_s7_offseason,ecard_neutral_2021_s7,ecard_neutral_3013_s7_offseason,ecard_neutral_2013_s7_offseason,,ecard_reptile_3011_s7_offseason,ecard_neutral_3015_s7_offseason,Kotaro?,Bubblemaker,Blue Moon,Tiny Turtle,Lagging,Snake Jar,Reptile,Little Peas,Innocent Lamb,Snail Shell,Silence Whisper,Incisor,Snake Jar,Mech,Lucas,Curved Spine,Bone Sail,Tiny Turtle,Lagging,Snake Jar,Dusk,Snake Jar
1ec9eb6f-51b0-6b87-a60c-e869f7c96e1e,Shredd3r,23,Chick,4,rouge_s7;s7_lilly_pad,2024-04-02 05:42:31,11732890,11796876,11740426,100,rune_neutral_4010_s7_offseason,rune_dusk_4010_s7_offseason,rune_neutral_4011_s7_offseason,ecard_aquatic_2011_s7_offseason,ecard_neutral_2020_s7_offseason,ecard_aquatic_2011_s7_offseason,ecard_neutral_2013_s7_offseason,ecard_bird_4011_s7_offseason,ecard_aquatic_4010_s7_offseason,ecard_bug_2011_s7_offseason,ecard_neutral_2020_s7_offseason,ecard_neutral_4012_s7_offseason,ecard_bird_2012_s7_offseason,ecard_neutral_2024_s7_offseason,ecard_aquatic_4010_s7_offseason,,ecard_neutral_2020_s7_offseason,ecard_aquatic_4010_s7_offseason,ecard_bug_2012_s7_offseason,ecard_neutral_4012_s7_offseason,ecard_neutral_3015_s7_offseason,Sleepless,Inkling,Raven,Doubletalk,Teal Shell,Tadpole,Bug,Neo,Inkling,Raven,Doubletalk,Trump,Tadpole,Dusk,Topaz,Inkling,Raven,Doubletalk,Parasite,Tadpole,Reptile,Jinx
1ec9eb6f-4a51-6752-a60c-9329aa331b05,funTANstic,24,Chick,4,rouge_s7;wood_s4,2024-04-03 00:14:40,11298901,1032889,1033103,100,rune_plant_4012_s7_offseason,rune_neutral_4011_s7_offseason,rune_aquatic_4012_s7_offseason,ecard_plant_4012_s7_offseason,ecard_plant_4011_s7_offseason,ecard_plant_2012_s7_offseason,ecard_bug_3010_s7_offseason,ecard_neutral_2013_s7_offseason,ecard_neutral_3015_s7_offseason,ecard_reptile_2011_s7_offseason,ecard_neutral_3013_s7,ecard_neutral_2010_s7_offseason,ecard_beast_2011_s7_offseason,ecard_beast_2011_s7_offseason,ecard_beast_4011_s7_offseason,ecard_neutral_2010_s7,ecard_aquatic_4011_s7_offseason,ecard_neutral_3014_s7,ecard_neutral_1001,ecard_aquatic_3012_s7_nondec,ecard_neutral_2011_s7,Papi,Clover,Pumpkin,Serious,Leaf Bug,Cattail,Plant,Topaz,Innocent Lamb,Ronin,Nut Cracker,Imp,Nut Cracker,Beast,Blossom,Inkling,Goldfish,Risky Fish,Shoal Star,Koi,Aquatic,???
1eed59e7-6cf4-69e7-acfb-02a8bed22146,Poncsosz_=),25,Chick,4,,2024-04-02 21:16:18,7462781,5467283,2235738,100,rune_plant_4010_s7_offseason,rune_aquatic_4012_s7_offseason,rune_aquatic_4011_s7_offseason,ecard_neutral_2014_s7_offseason,ecard_bug_2012_s7_offseason,ecard_plant_2012_s7_offseason,ecard_neutral_4015_s7_offseason,ecard_plant_4012_s7_offseason,ecard_plant_4012_s7_offseason,,,ecard_aquatic_4012_s7_offseason,ecard_reptile_3011_s7_offseason,ecard_aquatic_4012_s7_offseason,ecard_neutral_3012_s7,,ecard_aquatic_3010_s7_offseason,ecard_aquatic_4012_s7_offseason,,ecard_aquatic_4012_s7_offseason,ecard_neutral_3012_s7_offseason,Papi,Hollow,Pumpkin,Square Teeth,Cactus,Carrot,Plant,Clear,Gill,Goldfish,Risky Fish,Scaly Spoon,Koi,Aquatic,Telescope,Inkling,Goldfish,Lam,Shoal Star,Koi,Aquatic,Aquatic Aggro
1ec9eb6f-4bcf-6750-a60c-2d44c928c305,Papa Jhe,26,Chick,4,11;paschal_eggs,2024-04-02 12:33:56,4701810,4582924,10940531,100,rune_plant_4012_s7_offseason,rune_beast_2012_s7_offseason,rune_plant_4010_s7_offseason,ecard_plant_2011_s7_offseason,ecard_plant_3010_s7_offseason,ecard_plant_3010_s7_offseason,ecard_plant_2011_s7_offseason,ecard_plant_3010_s7_offseason,ecard_plant_2011_s7_nft,ecard_beast_2012_s7_offseason,ecard_neutral_4015_s7_offseason,ecard_beast_4011_s7_offseason,ecard_neutral_2011_s7,ecard_neutral_1011_s7,ecard_beast_4011_s7_offseason,ecard_neutral_2010_s7_offseason,ecard_neutral_2010_s7_offseason,ecard_neutral_2010_s7_offseason,ecard_neutral_2010_s7,ecard_plant_3012_s7_offseason,ecard_plant_3010_s7_offseason,Papi,Hollow,Pumpkin,Serious,Cactus,Carrot,Plant,Chubby,Nut Cracker,Ronin,Nut Cracker,Imp,Nut Cracker,Beast,Clear,Risky Bird,Bidens,Zigzag,Pocky,Hot Butt,Plant,Beast Aggro
1ec9eb6f-755d-68fc-a60c-beb0ada27469,Chichi,27,Egg,1,1;0,2024-04-01 14:19:12,8739499,5376082,6851227,80,rune_plant_2010_s7_nft,rune_beast_2011_s7_nft,rune_bird_2010_s7_nft,ecard_plant_2011_s7_nft,ecard_plant_3010_s7_nondec,ecard_plant_3013_s7_nft,ecard_plant_2011_s7_nft,ecard_plant_2012_s7_nft,ecard_neutral_3014_s7_nft,ecard_aquatic_2011_s7_nondec,ecard_beast_buba_1,ecard_bird_2012_s7_offseason,ecard_beast_2011_s7_nft,ecard_beast_2011_s7_nft,ecard_beast_buba_1,ecard_bird_2012_s7_nft,ecard_neutral_1010_s7,ecard_neutral_1012_s7,ecard_bird_2012_s7_nft,ecard_bird_3010_s7_nondec,ecard_neutral_2020_s7_offseason,Cucumber Slice,Clover,Bidens,Zigzag,Beech,Hot Butt,Plant,Sleepless,Owl,Ronin,Goda,Dual Blade,Rice,Beast,Robin,Early Bird,Pigeon Post,Little Owl,Eggshell,Hare,Bird,???
1ec9eb6f-42d4-6308-a60c-03361e47153e,M Nawaz,28,Egg,1,cute_ena;ena_postseason_6,2024-04-02 11:40:43,365996,1,426053,80,rune_plant_4010_s7_offseason,rune_beast_2010_s7_offseason,rune_beast_4010_s7_offseason,ecard_plant_4012_s7_offseason,ecard_neutral_2011_s7_offseason,ecard_neutral_3016_s7_offseason,ecard_plant_4012_s7_offseason,ecard_neutral_2018_s7_offseason,,ecard_beast_3012_s7_offseason,ecard_beast_3010_s7_nft,ecard_beast_3013_s7_offseason,,ecard_neutral_4015_s7_offseason,ecard_beast_2011_s7_offseason,ecard_beast_4010_s7_offseason,ecard_beast_4012_s7_offseason,ecard_beast_3011_s7_offseason,,ecard_beast_2011_s7_offseason,ecard_beast_4012_s7_offseason,Papi,Hollow,Anemone,Serious,Rose Bud,Carrot,Plant,,,,,,,,Chubby,Belieber,Ronin,Nut Cracker,Imp,Nut Cracker,Beast,???
1ec9eb73-b11e-6d2a-a60c-e1342e8ef02a,ParkGiSung,29,Egg,1,s6_light_halloween_venoki;0,2024-04-02 06:33:04,8099195,8037862,12,80,rune_plant_4012_s7_offseason,rune_dusk_4010_s7_offseason,rune_bird_4011_s7_nondec,ecard_neutral_2017_s7_offseason,ecard_neutral_2016_s7_offseason,ecard_plant_4010_s7_offseason,ecard_bug_2011_s7_offseason,ecard_plant_4011_s7_offseason,ecard_neutral_2012_s7_offseason,ecard_neutral_2022_s7_nondec,ecard_neutral_2018_s7_offseason,ecard_aquatic_4012_s7_offseason,ecard_bug_2011_s7_offseason,ecard_neutral_2024_s7_offseason,ecard_bug_2012_s7_offseason,ecard_bird_2013_s7_offseason,ecard_bird_momo_1,ecard_neutral_1001,ecard_neutral_2010_s7_offseason,ecard_bird_momo_1,ecard_bird_2012_s7_offseason,Papi,Clover,Pumpkin,Serious,Leaf Bug,Yam,Plant,Clear,Bubblemaker,Snail Shell,Tiny Turtle,Lagging,Thorny Caterpillar,Dusk,,,,,,,,???
1ec9eb6f-6a46-6f8a-a60c-2a948d14dc2f,Korokii,30,Egg,1,seas_green;s5_bamboo,2024-03-27 06:32:48,16,2,25,70,rune_plant_4012_s7_offseason,rune_plant_4010_s7_offseason,rune_plant_2012_s7_offseason,ecard_plant_3013_s7_offseason,ecard_neutral_3015_s7_offseason,,ecard_plant_3012_s7_offseason,ecard_neutral_1010_s7,ecard_neutral_3015_s7_offseason,ecard_plant_4010_s7_offseason,,ecard_reptile_3011_s7_offseason,ecard_neutral_2010_s7_offseason,ecard_neutral_3015_s7_offseason,ecard_plant_4010_s7_offseason,ecard_neutral_3015_s7_offseason,ecard_plant_mit_1,,ecard_neutral_2010_s7_offseason,ecard_plant_mit_1,ecard_plant_2011_s7_offseason,,,,,,,,,,,,,,,Mavis,Bubblemaker,Tri Spikes,Catfish,Caterpillars,Tiny Dino,Aquatic,Mit Sleep
1ec9eb73-b47a-67f2-a60c-f39f44d5cc9c,Relax Pls..,31,Egg,1,rouge_s7;s7_swamp_reed,2024-04-02 15:17:26,11687280,11949154,11640269,70,rune_beast_4010_s7_offseason,rune_bird_4010_s7_offseason,rune_dawn_4012_s7_offseason,ecard_reptile_3010_s7_offseason,ecard_neutral_2012_s7_offseason,ecard_neutral_2012_s7_offseason,ecard_neutral_3012_s7_nondec,ecard_bird_3013_s7_offseason,ecard_neutral_2012_s7_nft,ecard_neutral_2010_s7,ecard_plant_2011_s7_offseason,ecard_neutral_2012_s7_offseason,ecard_neutral_1010_s7,ecard_bird_3012_s7_offseason,ecard_neutral_3012_s7_offseason,ecard_neutral_4014_s7_offseason,ecard_bug_2012_s7_offseason,ecard_neutral_2018_s7_offseason,ecard_bird_3011_s7_offseason,ecard_bird_3013_s7_offseason,,Topaz,Earwing,Tri Feather,Kotaro,Wing Horn,Granma's Fan,Beast,Kotaro?,Earwing,Tri Feather,Serious,Wing Horn,Feather Fan,Bird,Chubby,Earwing,Tri Feather,Square Teeth,Wing Horn,Granma's Fan,Dawn,Feather
1ec9eb7e-5f35-692e-a60c-9200a394bd2e,Kikongmalansa | Kimchi Buzz,32,Egg,1,,2024-03-25 17:15:45,11847803,11868536,11872051,70,rune_plant_4012_s7_offseason,rune_bug_4012_s7_offseason,rune_bird_4012_s7_offseason,ecard_neutral_2010_s7_nft,,ecard_neutral_3012_s7,ecard_plant_3013_s7_nft,,ecard_aquatic_3012_s7_offseason,ecard_bug_2013_s7_nft,ecard_neutral_2018_s7,ecard_plant_3012_s7_nft,ecard_neutral_1001,ecard_neutral_2018_s7_nondec,ecard_neutral_1010_s7,ecard_aquatic_2011_s7_nft,ecard_aquatic_2011_s7_nft,ecard_neutral_4015_s7_offseason,ecard_plant_3013_s7_offseason,ecard_neutral_2012_s7_offseason,ecard_aquatic_3012_s7_offseason,Nerdy,Leafy,Buzz Buzz,Piranha,Bamboo Shoot,Ranchu,Plant,Nerdy,Leafy,Buzz Buzz,Square Teeth,Bamboo Shoot,Nimo,Bug,Sleepless,Leafy,Buzz Buzz,Piranha,Bamboo Shoot,Nimo,Bird,Leafy
1ec9eb6f-747a-6325-a60c-4631172ff20b,BigKnees,33,Egg,1,patrick23_hat;silver_s1,2024-04-02 22:28:13,11986812,11990141,11987068,70,rune_neutral_4011_s7_offseason,rune_dusk_4010_s7_offseason,rune_dusk_4011_s7_offseason,ecard_neutral_1001,ecard_bird_4010_s7_offseason,ecard_neutral_2017_s7_offseason,ecard_bug_4010_s7_offseason,ecard_neutral_2018_s7_offseason,,,ecard_bird_4010_s7_offseason,ecard_neutral_2017_s7_offseason,ecard_neutral_2010_s7_offseason,ecard_neutral_2018_s7_offseason,ecard_neutral_2017_s7_offseason,ecard_neutral_2017_s7_offseason,,ecard_neutral_2017_s7_offseason,ecard_neutral_1001,ecard_bug_4010_s7_offseason,ecard_neutral_4012_s7_offseason,Neo,Swirl,Raven,Doubletalk,Parasite,Tadpole,Bug,Neo,Swirl,Raven,Doubletalk,Shoal Star,Cottontail,Dusk,Papi,Swirl,Garish Worm,Doubletalk,Parasite,Tadpole,Dusk,Jinx
1ee8e62a-f85e-66db-9338-a0446fb91e42,Elennier~Chan,34,Egg,1,,2024-04-02 20:16:26,7625137,5896700,7408457,70,rune_aquatic_4012_s7_offseason,rune_aquatic_3010_s7_offseason,rune_aquatic_4011_s7_offseason,ecard_neutral_2018_s7,ecard_aquatic_2011_s7_offseason,ecard_neutral_2017_s7_nondec,ecard_neutral_4015_s7_offseason,ecard_neutral_4015_s7_offseason,,ecard_neutral_2018_s7_offseason,ecard_neutral_3011_s7_offseason,,ecard_aquatic_4011_s7_offseason,ecard_aquatic_4011_s7_nondec,,ecard_neutral_3010_s7_nondec,ecard_aquatic_3010_s7_offseason,,ecard_aquatic_4011_s7_offseason,ecard_neutral_4015_s7_offseason,ecard_neutral_1010_s7,Gero,Nimo,Anemone,Lam,Anemone,Nimo,Aquatic,Gero,Nimo,Anemone,Risky Fish,Anemone,Nimo,Aquatic,Gero,Nimo,Anemone,Lam,Anemone,Nimo,Aquatic,Anemone
1ec9eb7e-46fd-6174-a60c-fd30f05a67b1,Nick24,35,Egg,1,s6_mooncake;iron_s3,2024-04-02 23:01:02,11957638,11973026,11668043,70,rune_neutral_3012_s7,rune_bird_4010_s7_nondec,rune_neutral_3011_s7,,,ecard_neutral_2018_s7,ecard_neutral_3012_s7_nft,ecard_bird_3013_s7_nft,ecard_neutral_2018_s7,,,ecard_neutral_2018_s7,ecard_neutral_3012_s7_nondec,ecard_bird_3012_s7_nft,ecard_neutral_2017_s7,,,ecard_neutral_2018_s7,ecard_neutral_3012_s7_nft,ecard_bird_3013_s7_nft,ecard_neutral_2018_s7,Kotaro?,Earwing,Tri Feather,Kotaro,Wing Horn,Ranchu,Aquatic,Kotaro?,Earwing,Tri Feather,Kotaro,Wing Horn,Cottontail,Bird,Robin,Earwing,Tri Feather,Kotaro,Wing Horn,Granma's Fan,Bug,Feather
1ec9eb7b-3f6e-6824-a60c-d6987333af16,Sniper,36,Egg,1,rouge_s7;s7_swamp_reed,2024-04-03 03:33:26,11969250,11959038,11979293,70,rune_aquatic_4012_s7_offseason,rune_aquatic_3010_s7_offseason,rune_mech_4011_s7_offseason,ecard_neutral_3010_s7_nondec,,ecard_aquatic_2011_s7_offseason,ecard_aquatic_3010_s7_offseason,ecard_aquatic_4011_s7_offseason,ecard_aquatic_4012_s7_offseason,ecard_neutral_3010_s7,ecard_neutral_2021_s7,ecard_aquatic_2011_s7_offseason,ecard_aquatic_2011_s7_offseason,ecard_aquatic_2011_s7_offseason,ecard_aquatic_3013_s7_offseason,ecard_neutral_3010_s7,ecard_neutral_2011_s7,ecard_aquatic_2011_s7_offseason,ecard_neutral_4015_s7_offseason,ecard_aquatic_2011_s7_offseason,ecard_aquatic_3013_s7_offseason,Sleepless,Seaslug,Anemone,Lam,Anemone,Nimo,Aquatic,Sleepless,Seaslug,Anemone,Little Owl,Anemone,Nimo,Aquatic,Sleepless,Seaslug,Anemone,Square Teeth,Anemone,Nimo,Mech,Anemone
1ecb73db-aaaa-61f6-a3c3-675c447af6b3,Wexkacore.ron,37,Egg,1,cute_puffy;s7_swamp_reed,2024-04-02 13:03:55,8885139,11899414,11954911,70,rune_aquatic_4012_s7_offseason,rune_dawn_4011_s7_offseason,rune_neutral_3011_s7_offseason,ecard_neutral_2010_s7_offseason,ecard_neutral_2010_s7_offseason,ecard_neutral_2017_s7_offseason,ecard_aquatic_4011_s7_offseason,ecard_aquatic_4011_s7_nondec,,ecard_plant_2011_s7_nft,ecard_neutral_2010_s7_offseason,ecard_neutral_2017_s7_offseason,ecard_aquatic_4011_s7_offseason,ecard_aquatic_4011_s7_offseason,,ecard_neutral_2010_s7_offseason,ecard_neutral_1010_s7,ecard_aquatic_3010_s7_offseason,ecard_aquatic_4011_s7_offseason,ecard_aquatic_4011_s7_offseason,ecard_neutral_2010_s7_offseason,Gero,Nimo,Anemone,Lam,Anemone,Nimo,Aquatic,Blossom,Nimo,Anemone,Axie Kiss,Anemone,Nimo,Dawn,Sleepless,Seaslug,Anemone,Axie Kiss,Anemone,Nimo,Beast,Anemone
1ec9eb7e-32cd-6530-a60c-a3953eab3fe5,Double B1,38,Egg,1,s4_top20k;ena_postseason_6,2024-04-03 03:32:14,2832633,5896410,3269757,70,rune_neutral_3011_s7_offseason,rune_aquatic_4012_s7_offseason,rune_neutral_4011_s7,,ecard_aquatic_4011_s7_offseason,ecard_aquatic_3012_s7_offseason,ecard_neutral_3015_s7,ecard_aquatic_3012_s7_offseason,,ecard_aquatic_3012_s7_offseason,ecard_aquatic_2011_s7_offseason,ecard_aquatic_4011_s7_offseason,,ecard_aquatic_3012_s7_offseason,ecard_neutral_2010_s7_offseason,,ecard_aquatic_4011_s7_offseason,ecard_aquatic_3012_s7_offseason,ecard_neutral_3015_s7_offseason,ecard_aquatic_3012_s7_offseason,,Clear,Nimo,Goldfish,Risky Fish,Oranda,Nimo,Aquatic,Clear,Tiny Fan,Goldfish,Risky Fish,Shoal Star,Nimo,Aquatic,Clear,Nimo,Goldfish,Risky Fish,Clamshell,Nimo,Aquatic,Tiny Fan
1ed49f90-0d74-6e11-817d-f58fcd97e312,pwet na mainit,39,Egg,1,rouge_s7;s7_swamp_reed,2024-04-03 03:30:44,8107000,1961004,729739,70,rune_plant_4012_s7_offseason,rune_plant_4011_s7_offseason,rune_plant_4010_s7_offseason,ecard_neutral_4012_s7_offseason,,ecard_plant_4012_s7_offseason,ecard_plant_2011_s7_offseason,ecard_neutral_1010_s7,ecard_neutral_4012_s7_offseason,ecard_neutral_4012_s7_offseason,,ecard_plant_3010_s7_offseason,,ecard_neutral_4012_s7_offseason,ecard_neutral_4012_s7_offseason,ecard_neutral_4012_s7_offseason,,ecard_neutral_3016_s7_offseason,ecard_plant_4012_s7_offseason,,ecard_neutral_4012_s7_offseason,Confused,Lotus,Pumpkin,Herbivore,Rose Bud,Hot Butt,Plant,Confused,Clover,Raven,Serious,Rose Bud,Hot Butt,Plant,Confused,Clover,Pumpkin,Serious,Cactus,Hot Butt,Plant,Healing
1eca61a7-5c1d-672a-beb3-1c2166c61ba2,Lloydieeeee | Skylab | Elite,40,Egg,1,noir_s7;s7_serpentwood,2024-04-02 14:36:04,11821589,25,11793618,70,rune_plant_4012_s7_offseason,rune_plant_4010_s7_offseason,rune_dusk_4012_s7_offseason,,ecard_neutral_1010_s7,ecard_neutral_2017_s7,ecard_plant_mit_1,ecard_neutral_4015_s7_offseason,ecard_plant_3010_s7_offseason,ecard_neutral_2010_s7,ecard_neutral_2010_s7_offseason,ecard_plant_3010_s7_offseason,ecard_neutral_1010_s7,ecard_neutral_2018_s7_offseason,ecard_plant_4010_s7_offseason,ecard_neutral_1010_s7,ecard_neutral_1010_s7,ecard_neutral_2017_s7_offseason,ecard_plant_mit_1,ecard_neutral_4015_s7_offseason,ecard_neutral_2010_s7_offseason,Gecko,Small Frill,Green Thorns,Tiny Turtle,Watermelon,Potato Leaf,Plant,Mavis,Bubblemaker,Tri Spikes,Catfish,Caterpillars,Tiny Dino,Aquatic,Gecko,Small Frill,Green Thorns,Tiny Turtle,Watermelon,Potato Leaf,Dusk,Mit Sleep
1ec9eb6f-6b7a-6b4b-a60c-e5eb1dfdf14b,CHu  \ °^° /*| RaygoClub,41,Egg,1,s4_top20k;fluffy_hooves,2024-04-02 08:03:56,11834708,11969802,11991573,70,rune_dusk_4012_s7_offseason,rune_beast_4011_s7_offseason,rune_reptile_4011_s7_offseason,,ecard_reptile_2011_s7_offseason,ecard_neutral_2010_s7_offseason,ecard_beast_4010_s7_offseason,ecard_bug_4011_s7_offseason,ecard_neutral_2017_s7_offseason,ecard_neutral_4014_s7_offseason,,ecard_neutral_2012_s7_offseason,ecard_beast_4010_s7_offseason,ecard_bird_2012_s7_offseason,ecard_beast_4010_s7_offseason,ecard_neutral_4014_s7_offseason,,,ecard_beast_4010_s7_offseason,ecard_reptile_2011_s7_offseason,ecard_beast_4010_s7_offseason,Nerdy,Innocent Lamb,Garish Worm,Toothless Bite,Arco,Cottontail,Dusk,Chubby,Earwing,Cupid,Square Teeth,Arco,Gerbil,Beast,Chubby,Pink Cheek,Green Thorns,Axie Kiss,Dual Blade,Gerbil,Reptile,Bleed
1ec9eb73-ac91-6b29-a60c-6e746cf5b6f2,C h i L L,42,Egg,1,0;0,2024-04-02 13:58:42,11567156,11594436,11585628,70,rune_plant_4012_s7_offseason,rune_beast_3012_s7_offseason,rune_beast_4012_s7_offseason,ecard_neutral_2010_s7,ecard_beast_4012_s7_offseason,ecard_beast_4012_s7_offseason,ecard_reptile_2011_s7_nft,ecard_neutral_2010_s7_nondec,ecard_neutral_1010_s7,,ecard_beast_4012_s7_offseason,,ecard_beast_buba_1,ecard_neutral_3012_s7_nft,ecard_reptile_2011_s7_nondec,,,ecard_beast_4012_s7_offseason,ecard_beast_buba_1,ecard_beast_3010_s7_nft,ecard_neutral_3012_s7_nondec,Little Peas,Innocent Lamb,Ronin,Confident,Cerastes,Cottontail,Plant,Little Peas,Innocent Lamb,Ronin,Confident,Little Branch,Tiny Dino,Beast,Little Peas,Zen,Risky Beast,Axie Kiss,Little Branch,Shiba,Beast,Beast Aggro
1ec9eb7e-5f67-649d-a60c-27bb98d324d5,Midict | IDN,43,Egg,1,turtle_buoy;s7_swamp_reed,2024-04-02 08:16:14,11765982,11771535,11764388,70,rune_bug_3010_s7_nft,rune_neutral_4011_s7,rune_neutral_3012_s7,ecard_neutral_2010_s7,ecard_bird_2012_s7_nft,ecard_aquatic_2013_s7_nft,ecard_bug_3012_s7_nondec,ecard_neutral_2011_s7,ecard_neutral_2018_s7,ecard_bug_2011_s7_nft,ecard_neutral_3014_s7,ecard_aquatic_4010_s7_nondec,ecard_neutral_1010_s7,ecard_neutral_2024_s7,ecard_neutral_2017_s7,ecard_bug_2011_s7_nft,ecard_neutral_3013_s7,ecard_neutral_2024_s7,ecard_neutral_3015_s7,ecard_bug_2012_s7_nft,ecard_aquatic_2011_s7_nft,Neo,Inkling,Raven,Doubletalk,Parasite,Tadpole,Bug,Neo,Inkling,Raven,Doubletalk,Shoal Star,Cottontail,Dusk,Neo,Inkling,Garish Worm,Doubletalk,Parasite,Tadpole,Dusk,Jinx
1ec9eb6f-42df-698c-a60c-5d91bf17080f,Swooshyy | AxU |YGG,44,Egg,1,easter_eggs;paschal_eggs,2024-04-01 15:32:47,11704192,11841924,7,70,rune_neutral_4011_s7,rune_reptile_4011_s7_offseason,rune_reptile_4010_s7_offseason,,ecard_neutral_2010_s7_offseason,ecard_reptile_4011_s7_offseason,,ecard_neutral_2017_s7_nft,ecard_neutral_3012_s7,ecard_reptile_3010_s7_offseason,ecard_neutral_2010_s7,ecard_reptile_4011_s7_offseason,ecard_neutral_1010_s7,ecard_neutral_2017_s7,ecard_neutral_1010_s7,ecard_reptile_venoki_1,ecard_neutral_2010_s7,ecard_neutral_3012_s7,ecard_reptile_2011_s7_offseason,ecard_neutral_2010_s7,,Gecko,Small Frill,Green Thorns,Tiny Turtle,Scaly Spoon,Gila,Reptile,Gecko,Small Frill,Green Thorns,Tiny Turtle,Watermelon,Potato Leaf,Reptile,,,,,,,,Poison
1ec9eb7e-6ede-6ee4-a60c-2b13c4585e37,Chrix88,45,Egg,1,shy;bronze_s4,2024-04-02 19:14:51,11700222,11699442,11695144,70,rune_bug_3012_s7_offseason,rune_dusk_4012_s7_offseason,rune_dusk_4010_s7_offseason,ecard_neutral_2017_s7_offseason,ecard_neutral_4012_s7_offseason,,,ecard_neutral_4012_s7_offseason,ecard_neutral_4012_s7_offseason,ecard_neutral_2017_s7,ecard_neutral_4012_s7_offseason,ecard_neutral_4012_s7_offseason,,ecard_neutral_4012_s7_offseason,,ecard_plant_0001,ecard_neutral_4012_s7_offseason,ecard_neutral_4012_s7_offseason,,,ecard_neutral_4012_s7_offseason,Neo,Inkling,Raven,Doubletalk,Parasite,Tadpole,Bug,Neo,Inkling,Raven,Doubletalk,Parasite,Cottontail,Dusk,Papi,Inkling,Garish Worm,Doubletalk,Anemone,Tadpole,Dusk,Jinx
1ec9eb77-6949-6c97-a60c-b3cf22798c8d,Thales Nakashima,46,Egg,1,s6_light_halloween_venoki;s7_swamp_reed,2024-04-02 20:47:34,11985543,11948999,11978817,70,rune_mech_4011_s7_offseason,rune_beast_4010_s7_offseason,rune_beast_3012_s7_offseason,ecard_beast_4012_s7_offseason,ecard_beast_4012_s7_offseason,ecard_beast_4012_s7_offseason,ecard_neutral_2011_s7_offseason,ecard_neutral_2011_s7_offseason,ecard_neutral_2011_s7_offseason,ecard_beast_4012_s7_offseason,ecard_beast_4012_s7_offseason,ecard_beast_4012_s7_offseason,ecard_beast_2011_s7_offseason,,ecard_aquatic_3010_s7_offseason,ecard_beast_4012_s7_offseason,ecard_beast_4012_s7_offseason,ecard_beast_4012_s7_offseason,ecard_beast_2011_s7_offseason,ecard_beast_2011_s7_nft,ecard_beast_2011_s7_offseason,Puppy,Zen,Ronin,Confident,Imp,Shiba,Mech,Little Peas,Zen,Ronin,Confident,Imp,Shrimp,Beast,Puppy,Zen,Ronin,Confident,Imp,Shiba,Beast,Rage
1ec9eb7e-6e2b-6ddd-a60c-79dfda2674c0,CATALYST | Fria,47,Egg,1,15;bandila_celebration,2024-04-03 00:01:24,11955939,11964583,11878241,70,rune_neutral_4010_s7_offseason,rune_beast_4011_s7_offseason,rune_reptile_4011_s7_offseason,ecard_neutral_4014_s7_offseason,,ecard_neutral_2010_s7_offseason,ecard_beast_4010_s7_offseason,,ecard_beast_4010_s7_offseason,ecard_neutral_4014_s7_offseason,,,ecard_beast_4010_s7_offseason,ecard_neutral_2010_s7,ecard_beast_4010_s7_nondec,ecard_neutral_4014_s7_offseason,,,ecard_beast_4010_s7_nondec,ecard_neutral_2017_s7_offseason,ecard_neutral_2018_s7,Chubby,Pink Cheek,Sandal,Axie Kiss,Arco,Gerbil,Mech,Chubby,Earwing,Cupid,Catfish,Arco,Gerbil,Beast,Chubby,Small Frill,Green Thorns,Razor Bite,Dual Blade,Iguana,Reptile,Bleed
1ec9eb7e-3cd7-60e7-a60c-1e77f9601c78,JonasMain,48,Egg,1,puffy_vday23;temple_gate_lunar23,2024-04-02 22:52:59,11944692,11896982,11931001,70,rune_plant_4010_s7_offseason,rune_aquatic_4011_s7_offseason,rune_neutral_3011_s7,ecard_reptile_2011_s7_offseason,ecard_plant_2011_s7_offseason,ecard_neutral_2010_s7_offseason,ecard_plant_3010_s7_offseason,ecard_plant_2011_s7_nondec,ecard_plant_3012_s7_nondec,ecard_bird_momo_1,ecard_bird_3012_s7_offseason,ecard_bird_momo_1,ecard_neutral_2012_s7_offseason,ecard_neutral_2012_s7,ecard_neutral_2012_s7,ecard_neutral_2010_s7_offseason,ecard_neutral_2017_s7_offseason,,ecard_neutral_2017_s7_offseason,ecard_neutral_2010_s7_offseason,ecard_neutral_3012_s7_offseason,Tricky,Innocent Lamb,Bidens,Silence Whisper,Rose Bud,Cattail,Plant,Little Owl,Owl,Tri Feather,Little Owl,Wing Horn,Feather Fan,Aquatic,Lucas,Innocent Lamb,Spiky Wing,Silence Whisper,Leaf Bug,Ant,Mech,Machine Gun Owl
1ec9eb6f-6548-66d1-a60c-7deb34c5dc3a,JXNCZHX,49,Egg,1,s6_mooncake;paschal_eggs,2024-04-03 02:52:01,11598986,11959374,7,70,rune_dusk_4012_s7_offseason,rune_neutral_4011_s7,rune_reptile_4010_s7_offseason,,ecard_neutral_2018_s7_offseason,ecard_reptile_4011_s7_offseason,ecard_neutral_2017_s7_nft,,ecard_neutral_4014_s7_offseason,,ecard_neutral_2018_s7_nft,ecard_neutral_2017_s7_nft,,ecard_reptile_4011_s7_nondec,ecard_neutral_4014_s7_offseason,,,ecard_neutral_3012_s7,ecard_neutral_4015_s7_offseason,ecard_neutral_2017_s7_nft,ecard_neutral_3015_s7,Scar,Small Frill,Hero,Tiny Turtle,Scaly Spoon,Gila,Dusk,Scar,Small Frill,Green Thorns,Tiny Turtle,Oranda,Gila,Reptile,,,,,,,,Poison
1ec9eb6f-6f0d-6365-a60c-f3188817a9fc,buricut,50,Egg,1,s6_light_halloween_venoki;s5_swamp_reed,2024-04-03 02:50:38,11931289,11984844,11969108,70,rune_neutral_4010_s7_offseason,rune_beast_4010_s7_offseason,rune_mech_4011_s7_offseason,ecard_beast_3013_s7_offseason,ecard_beast_3013_s7_nondec,ecard_neutral_2011_s7_offseason,,ecard_neutral_2010_s7_offseason,ecard_neutral_4015_s7_offseason,,ecard_beast_3013_s7_offseason,ecard_beast_3013_s7_offseason,ecard_beast_2011_s7_offseason,ecard_beast_3010_s7_offseason,ecard_beast_4011_s7_nondec,ecard_neutral_3015_s7_offseason,ecard_beast_3013_s7_offseason,ecard_beast_2011_s7_offseason,ecard_neutral_2010_s7_offseason,ecard_beast_2011_s7_offseason,ecard_beast_4011_s7_offseason,Puppy,Zen,Ronin,Confident,Clamshell,Shiba,Bug,Little Peas,Zen,Ronin,Confident,Imp,Shiba,Beast,Puppy,Zen,Ronin,Confident,Kestrel,Shiba,Mech,Rage
1ee38603-cefd-67a5-8879-331d81f7d011,8=========D,51,Egg,1,cute_puffy;s7_swamp_reed,2024-04-02 15:24:30,11969360,11965004,11961610,70,rune_beast_3012_s7_offseason,rune_beast_4010_s7_offseason,rune_beast_4012_s7_offseason,ecard_beast_3013_s7_offseason,ecard_beast_3013_s7_offseason,,,ecard_beast_4011_s7_offseason,,ecard_beast_3013_s7_offseason,ecard_beast_3013_s7_offseason,,,ecard_beast_4011_s7_offseason,ecard_neutral_1014_s7,ecard_beast_3013_s7_offseason,ecard_beast_3013_s7_offseason,ecard_aquatic_3013_s7_offseason,,,,Puppy,Zen,Ronin,Confident,Imp,Cloud,Beast,Puppy,Zen,Ronin,Confident,Imp,Cloud,Beast,Puppy,Gill,Perch,Confident,Little Branch,Nimo,Beast,Perch
1ec9eb77-6a01-65e9-a60c-b8af68311721,Flappy Bird,52,Egg,1,s6_light_halloween_venoki;0,2024-04-02 11:10:56,1126638,7990723,1814913,70,rune_dawn_3012_s7_offseason,rune_bird_4012_s7_offseason,rune_neutral_4011_s7_nondec,ecard_neutral_4015_s7_offseason,,ecard_neutral_2010_s7_offseason,ecard_neutral_4015_s7_offseason,ecard_neutral_1001,ecard_beast_4011_s7_offseason,ecard_neutral_4015_s7_offseason,,ecard_neutral_1010_s7,ecard_neutral_4015_s7_offseason,ecard_bird_4010_s7_offseason,ecard_beast_3010_s7_offseason,ecard_neutral_4015_s7_offseason,,ecard_neutral_2018_s7_offseason,ecard_neutral_4015_s7_offseason,ecard_bird_4010_s7_offseason,,Mavis,Peace Maker,Raven,Goda,Eggshell,Hare,Dawn,Mavis,Peace Maker,Cupid,Peace Maker,Eggshell,Hare,Bird,Mavis,Peace Maker,Cupid,Peace Maker,Eggshell,The Last One,Bird,Bird Summon
1ec9eb73-b122-6fbf-a60c-1912ec04df28,chrinoa.ron,53,Egg,1,s6_light_halloween_venoki;ena_postseason_6,2024-04-02 23:29:28,11376112,11716073,11875849,60,rune_neutral_4011_s7_offseason,rune_reptile_2012_s7_offseason,rune_mech_3011_s7_offseason,ecard_neutral_2010_s7,ecard_neutral_3015_s7_offseason,ecard_neutral_2010_s7_offseason,ecard_neutral_2020_s7_offseason,ecard_neutral_3015_s7_offseason,ecard_neutral_2010_s7_offseason,ecard_neutral_3015_s7_offseason,ecard_neutral_2017_s7,,ecard_neutral_3015_s7_offseason,ecard_neutral_3015_s7_offseason,ecard_neutral_3015_s7_nondec,ecard_neutral_3012_s7,,,ecard_neutral_3015_s7_offseason,ecard_neutral_3015_s7_offseason,ecard_bug_pomodoro_1,Flower Sunglasses,Tassels,Watering Can,Silence Whisper,Bamboo Shoot,Navaga,Plant,Gecko,Innocent Lamb,Pumpkin,Silence Whisper,Cerastes,Twin Tail,Reptile,Tricky,Innocent Lamb,Indian Star,Silence Whisper,Leaf Bug,Ant,Mech,Navaga
1ec9eb6f-8267-601a-a60c-92a371186cc7,RotZ3N #3177702,54,Egg,1,2;0,2024-04-02 03:17:52,7211894,8412545,6282232,60,rune_bird_4012_s7_offseason,rune_aquatic_4012_s7_offseason,rune_aquatic_4011_s7_offseason,,ecard_bird_4010_s7_offseason,ecard_neutral_2018_s7_offseason,,ecard_bird_4012_s7_offseason,ecard_bird_4011_s7_offseason,,ecard_aquatic_2011_s7_offseason,ecard_aquatic_4010_s7_offseason,ecard_neutral_2010_s7,ecard_aquatic_4010_s7_offseason,ecard_aquatic_4011_s7_offseason,,ecard_aquatic_3010_s7_offseason,ecard_aquatic_4010_s7_offseason,ecard_neutral_1010_s7,ecard_aquatic_4010_s7_offseason,ecard_aquatic_3012_s7_offseason,Mavis,Peace Maker,Pigeon Post,Doubletalk,Eggshell,Post Fight,Bird,Little Owl,Inkling,Goldfish,Piranha,Shoal Star,Koi,Aquatic,Clear,Inkling,Goldfish,Piranha,Shoal Star,Koi,Aquatic,Jinx
1ec9eb7e-5c02-6053-a60c-e15128638283,P E A C E | F T W,55,Egg,1,s6_light_halloween_venoki;bandila_celebration,2024-04-02 11:58:29,17,9565280,8803543,60,rune_bug_4011_s7_offseason,rune_dusk_4010_s7_offseason,rune_plant_4010_s7_offseason,ecard_neutral_2017_s7_offseason,ecard_neutral_2010_s7,ecard_neutral_2017_s7_offseason,ecard_neutral_2017_s7,ecard_neutral_1010_s7,ecard_neutral_2017_s7_offseason,ecard_neutral_1001,ecard_neutral_2018_s7,ecard_neutral_2010_s7,ecard_neutral_2017_s7_offseason,ecard_bug_pomodoro_1,ecard_neutral_2010_s7_offseason,ecard_neutral_3015_s7,ecard_plant_3010_s7_nondec,ecard_plant_2011_s7_nft,ecard_neutral_2017_s7_offseason,ecard_neutral_2013_s7_nondec,ecard_neutral_2018_s7_nondec,,,,,,,,Little Owl,Early Bird,Snail Shell,Tiny Turtle,Lagging,Thorny Caterpillar,Dusk,Cucumber Slice,Rosa,Pumpkin,Serious,Leaf Bug,Yam,Plant,???
1ec9eb6f-6b10-6cdd-a60c-2e81f8917374,jllorenteh,56,Egg,1,s3_top20k;s5_lilly_pad,2024-04-02 13:50:22,249249,2491265,8183488,60,rune_plant_4010_s7_offseason,rune_aquatic_4012_s7_offseason,rune_reptile_3012_s7_nondec,ecard_neutral_2017_s7_nondec,ecard_plant_2011_s7_nft,ecard_neutral_2017_s7,ecard_neutral_2017_s7_nondec,ecard_plant_2011_s7_nft,ecard_plant_2011_s7_nft,,,ecard_neutral_2017_s7,ecard_aquatic_4011_s7_offseason,ecard_aquatic_puffy_1,ecard_aquatic_4011_s7_nondec,ecard_reptile_3013_s7_nft,,,ecard_neutral_2017_s7,ecard_reptile_4012_s7_offseason,ecard_reptile_3013_s7_nondec,Papi,Bubblemaker,Pumpkin,Serious,Leaf Bug,Cattail,Plant,Clear,Bubblemaker,Sponge,Lam,Babylonia,Koi,Aquatic,Gecko,Bubblemaker,Tri Spikes,Razor Bite,Scaly Spoon,Tiny Dino,Reptile,Bubble
1ec9eb7e-5e60-6699-a60c-495f063d943c,Styx,57,Egg,1,s4_top20k;blessing_atia,2024-04-03 03:14:08,11372283,9019353,11961739,60,rune_aquatic_4012_s7_offseason,rune_aquatic_3010_s7_offseason,rune_mech_4011_s7_offseason,,ecard_aquatic_3010_s7_offseason,ecard_neutral_3010_s7_offseason,,ecard_neutral_2021_s7_offseason,ecard_neutral_4011_s7_offseason,,,ecard_aquatic_3010_s7_offseason,ecard_neutral_4015_s7_offseason,ecard_neutral_4015_s7_offseason,ecard_neutral_4011_s7_offseason,ecard_beast_3010_s7_offseason,,ecard_neutral_3010_s7_offseason,ecard_neutral_4015_s7_offseason,ecard_neutral_4015_s7_offseason,,Clear,Seaslug,Kingfisher,Bubble Fish,Pliers,Koi,Aquatic,Clear,Seaslug,Anemone,Lam,Anemone,Koi,Aquatic,Little Peas,Sidebarb,Anemone,Lam,Anemone,Nimo,Mech,Anemone
1ee322b1-e64d-61d6-a405-49443d180c68,alanchiito,58,Egg,1,s6_light_halloween_venoki;ena_postseason_6,2024-04-02 18:08:19,11942244,11912903,11894373,60,rune_reptile_4011_s7_offseason,rune_reptile_4010_s7_offseason,rune_mech_4011_s7_offseason,,,ecard_plant_2011_s7_offseason,ecard_neutral_3012_s7,ecard_reptile_4011_s7_offseason,ecard_reptile_4011_s7_offseason,,,ecard_reptile_4011_s7_offseason,ecard_neutral_3010_s7,ecard_reptile_4011_s7_nondec,ecard_reptile_2013_s7_nondec,ecard_neutral_1001,ecard_neutral_1001,ecard_neutral_1010_s7,ecard_neutral_1010_s7,ecard_reptile_4011_s7_offseason,ecard_reptile_3012_s7_offseason,Gecko,Hollow,Green Thorns,Cute Bunny,Dual Blade,Grass Snake,Reptile,Gecko,Friezard,Green Thorns,Little Owl,Watermelon,Gila,Reptile,Gecko,Belieber,Green Thorns,Tiny Turtle,Oranda,Gila,Mech,Poison
1ec9eb6f-5ca8-619f-a60c-edc7211387c1,Me7oMan,59,Egg,1,s5_top20k;s5_swamp_reed,2024-04-02 14:55:41,5046299,9547691,8461595,60,rune_reptile_4010_s7_offseason,rune_neutral_4011_s7_offseason,rune_dusk_4010_s7_offseason,,ecard_neutral_2018_s7_offseason,ecard_neutral_2017_s7_offseason,ecard_neutral_4015_s7_offseason,ecard_bug_4010_s7_offseason,ecard_neutral_2011_s7_offseason,ecard_neutral_1010_s7,ecard_neutral_2018_s7,ecard_neutral_2017_s7,ecard_bug_4010_s7_offseason,ecard_neutral_2020_s7_offseason,ecard_neutral_2011_s7_offseason,ecard_bird_3010_s7_offseason,,ecard_neutral_2017_s7,ecard_bug_4010_s7_offseason,ecard_neutral_4015_s7_offseason,ecard_neutral_2010_s7_offseason,Topaz,Bubblemaker,Snail Shell,Tiny Turtle,Lagging,Thorny Caterpillar,Reptile,Clear,Bubblemaker,Snail Shell,Tiny Turtle,Lagging,Thorny Caterpillar,Dusk,Mavis,Bubblemaker,Snail Shell,Tiny Turtle,Lagging,Hot Butt,Dusk,Goo
1edb2cf7-d2fd-6e2e-8a36-3fc841002297,VM_BETO,60,Egg,1,cute_ena;s5_swamp_reed,2024-04-02 22:31:00,11799050,11872436,11810237,60,rune_plant_4012_s7_offseason,rune_reptile_4010_s7_nondec,rune_reptile_4011_s7_offseason,ecard_neutral_1010_s7,ecard_neutral_2018_s7,ecard_neutral_2017_s7,ecard_neutral_2010_s7,ecard_reptile_4011_s7_nondec,ecard_neutral_2010_s7,,ecard_neutral_2018_s7,ecard_neutral_2017_s7_nondec,ecard_neutral_4015_s7_offseason,,ecard_neutral_3012_s7,,ecard_neutral_2018_s7_nondec,ecard_neutral_2017_s7,ecard_neutral_2010_s7,ecard_neutral_2017_s7,ecard_neutral_4015_s7_offseason,Gecko,Small Frill,Green Thorns,Tiny Turtle,Scaly Spoon,Potato Leaf,Plant,Gecko,Small Frill,Green Thorns,Tiny Turtle,Watermelon,Gila,Reptile,Gecko,Small Frill,Green Thorns,Tiny Turtle,Scaly Spoon,Potato Leaf,Reptile,Poison
1ec9eb7e-537f-6d12-a60c-a45320c5b121,Nunoy | PSG | YGG,61,Egg,1,rouge_s7;wood_s2,2024-04-03 01:16:32,11382814,11967691,11920130,60,rune_reptile_4012_s7_offseason,rune_bird_4010_s7_offseason,rune_mech_4012_s7_offseason,,ecard_bug_3011_s7_offseason,,ecard_reptile_3013_s7_offseason,ecard_bird_4010_s7_offseason,ecard_bird_2012_s7_nft,,,ecard_neutral_2012_s7,ecard_neutral_4014_s7_offseason,ecard_bird_3013_s7_nft,ecard_bird_3012_s7_offseason,,,ecard_bug_4011_s7_offseason,ecard_neutral_3012_s7_nft,ecard_bird_3012_s7_offseason,ecard_bird_2012_s7_nft,Mavis,Clover,Cupid,Cute Bunny,Watermelon Ice Cream,The Last One,Reptile,Kotaro?,Earwing,Tri Feather,Confident,Wing Horn,Cloud,Bird,Kotaro?,Earwing,Tri Feather,Kotaro,Wing Horn,Granma's Fan,Mech,Feather
1ec9eb6f-57d6-648b-a60c-574923946f54,Tofu,62,Egg,1,11;s5_bamboo,2024-04-02 09:46:20,11515877,4593014,11498474,60,rune_neutral_4012_s7_offseason,rune_aquatic_4012_s7_offseason,rune_aquatic_4011_s7_offseason,ecard_bug_4011_s7_offseason,ecard_neutral_3010_s7_offseason,ecard_aquatic_3011_s7_offseason,ecard_neutral_1010_s7,ecard_aquatic_4010_s7_offseason,,ecard_aquatic_4010_s7_offseason,ecard_aquatic_3010_s7_offseason,ecard_aquatic_3011_s7_offseason,ecard_aquatic_2011_s7_offseason,ecard_aquatic_2011_s7_offseason,ecard_aquatic_4011_s7_offseason,ecard_bug_3011_s7_offseason,ecard_beast_3010_s7_offseason,ecard_neutral_2012_s7_offseason,ecard_aquatic_4011_s7_offseason,ecard_bird_2011_s7_offseason,ecard_aquatic_4010_s7_offseason,Kotaro?,Gill,Goldfish,Mosquito,Shoal Star,Cottontail,Aquatic,Sleepless,Gill,Goldfish,Lam,Babylonia,Koi,Aquatic,Kotaro?,Gill,Balloon,Axie Kiss,Oranda,Shrimp,Aquatic,Bubble
1ec9eb7e-579e-6a97-a60c-dd46969f474e,ngoctrinh.ron,63,Egg,1,14;iron_s2,2024-03-27 06:20:42,11486338,7,11608829,60,rune_reptile_2011_s7_nft,rune_reptile_venoki_1,rune_reptile_2012_s7_offseason,ecard_reptile_2013_s7_nondec,ecard_neutral_1010_s7,ecard_reptile_venoki_1,ecard_bird_2012_s7_nft,,ecard_plant_2013_s7_nft,ecard_reptile_2011_s7_nft,ecard_reptile_2011_s7_nft,ecard_reptile_2011_s7_nft,ecard_reptile_2011_s7_nft,ecard_plant_2012_s7_nft,ecard_bug_2011_s7_nft,ecard_reptile_2013_s7_nondec,ecard_plant_2011_s7_nft,ecard_reptile_venoki_1,ecard_neutral_2010_s7,ecard_neutral_2014_s7,ecard_reptile_2013_s7_nondec,Gecko,Small Frill,Bidens,Kotaro,Kestrel,Yam,Reptile,,,,,,,,Gecko,Small Frill,Green Thorns,Serious,Beech,Gila,Reptile,Poison
1ec9eb73-b659-6a2a-a60c-c6081a0cad97,Fierce | BlacKnights 🗡️,64,Egg,2,,2024-04-03 03:34:31,4298510,4302878,6987978,50,rune_dusk_3011_s7_offseason,rune_reptile_4010_s7_offseason,rune_dusk_4010_s7_offseason,ecard_neutral_2013_s7_offseason,,ecard_neutral_2013_s7_nondec,ecard_neutral_4012_s7_offseason,ecard_neutral_4012_s7_offseason,ecard_neutral_3012_s7,,,ecard_neutral_2010_s7_offseason,ecard_neutral_4012_s7_offseason,ecard_neutral_4012_s7_offseason,ecard_neutral_3012_s7,ecard_neutral_2010_s7_offseason,,,ecard_neutral_4012_s7_offseason,ecard_neutral_4012_s7_offseason,ecard_neutral_3012_s7_offseason,Neo,Bubblemaker,Snail Shell,Tiny Turtle,Lagging,Thorny Caterpillar,Dusk,Blossom,Bubblemaker,Snail Shell,Catfish,Lagging,Thorny Caterpillar,Reptile,Telescope,Bubblemaker,Snail Shell,Tiny Turtle,Lagging,Thorny Caterpillar,Dusk,Goo
1ec9eb6f-5e89-6169-a60c-d44b4b2e62f3,Lugus | PoP,65,Egg,2,2;iron_s2,2024-04-02 09:42:34,4779388,6589766,3075548,50,rune_reptile_2012_s7_offseason,rune_reptile_2012_s7_offseason,rune_reptile_2012_s7_offseason,ecard_neutral_2010_s7_offseason,ecard_neutral_3015_s7_offseason,ecard_aquatic_3013_s7_nondec,ecard_bug_4010_s7_offseason,ecard_bug_2011_s7_offseason,ecard_bug_2012_s7_nft,ecard_neutral_2010_s7_offseason,ecard_neutral_2018_s7_offseason,ecard_aquatic_3013_s7_offseason,ecard_bug_4010_s7_offseason,ecard_neutral_2024_s7_offseason,,ecard_neutral_1010_s7,ecard_neutral_2018_s7_offseason,ecard_bug_4010_s7_offseason,ecard_bug_4010_s7_offseason,ecard_neutral_2010_s7_offseason,ecard_neutral_2011_s7_offseason,Clear,Bubblemaker,Snail Shell,Kotaro,Lagging,Thorny Caterpillar,Reptile,Clear,Bubblemaker,Snail Shell,Tiny Turtle,Lagging,Cottontail,Reptile,Clear,Ear Breathing,Snail Shell,Tiny Turtle,Lagging,Thorny Caterpillar,Reptile,Goo
1eea366a-60e4-6886-8260-a2e3a827bfa7,nickcare,66,Egg,2,1;s7_bamboo,2024-04-02 11:46:36,10707078,2855483,11651577,50,rune_bird_4012_s7_offseason,rune_bird_3011_s7_offseason,rune_neutral_2010_s7,ecard_neutral_3016_s7_offseason,ecard_neutral_2021_s7_offseason,ecard_bird_2011_s7_offseason,ecard_bug_3011_s7_offseason,ecard_bird_2011_s7_offseason,ecard_bird_4011_s7_offseason,ecard_neutral_3016_s7_offseason,ecard_beast_2011_s7_nft,ecard_bird_2011_s7_offseason,ecard_bird_3011_s7_nondec,ecard_bird_4010_s7_offseason,ecard_bird_4011_s7_offseason,ecard_plant_2012_s7_offseason,ecard_neutral_4015_s7_offseason,ecard_bug_3013_s7_nondec,ecard_bird_2012_s7_offseason,ecard_bird_2012_s7_offseason,ecard_neutral_2021_s7_nondec,Mavis,Peace Maker,Pigeon Post,Little Owl,Pliers,Post Fight,Bird,Mavis,Peace Maker,Cupid,Nut Cracker,Eggshell,Post Fight,Bird,Cucumber Slice,Earwing,Tri Feather,Kotaro,Kestrel,Grass Snake,Bug,Bird Summon
1ec9eb6f-60fa-612c-a60c-a6096b95b027,Jimmueldc | R! | GCPH | YGG,67,Egg,2,cute_ena;triumphant_mabuhay,2024-03-30 10:50:46,11551891,11784270,11669519,50,rune_plant_4012_s7_offseason,rune_bug_3010_s7_offseason,rune_beast_4011_s7_offseason,ecard_neutral_2010_s7_offseason,ecard_neutral_2018_s7,ecard_neutral_1010_s7,ecard_neutral_2017_s7_nondec,ecard_neutral_1010_s7,ecard_bird_momo_1,ecard_beast_4010_s7_offseason,ecard_neutral_2021_s7,ecard_neutral_1001,ecard_neutral_2018_s7_offseason,ecard_neutral_1001,ecard_neutral_1001,ecard_beast_4010_s7_offseason,ecard_neutral_2010_s7_offseason,ecard_neutral_2010_s7_offseason,ecard_neutral_3012_s7_offseason,ecard_neutral_2010_s7_offseason,,Chubby,Earwing,Tri Feather,Toothless Bite,Rose Bud,Granma's Fan,Plant,Chubby,Pink Cheek,Tri Feather,Confident,Dual Blade,Cottontail,Bug,Chubby,Earwing,Tri Feather,Serious,Wing Horn,Granma's Fan,Beast,Feather
1ee67f26-7e64-6744-9113-c8c49e955a08,Lunacian #26137655,68,Egg,2,,2024-03-31 06:57:38,11477788,11677846,11777804,50,rune_reptile_venoki_1,rune_neutral_3012_s7,rune_neutral_3011_s7,ecard_neutral_2020_s7,ecard_neutral_1001,ecard_neutral_1001,ecard_neutral_1001,ecard_neutral_1001,ecard_neutral_1001,ecard_neutral_2010_s7,ecard_reptile_2013_s7_nondec,ecard_reptile_venoki_1,ecard_reptile_2012_s7_nft,ecard_neutral_1010_s7,ecard_neutral_1001,ecard_neutral_1001,ecard_neutral_1001,ecard_neutral_1001,ecard_neutral_1001,ecard_neutral_1001,ecard_reptile_2013_s7_nft,Gecko,Nyan,Green Thorns,Tiny Turtle,Antenna,Yam,Reptile,Gecko,Small Frill,Green Thorns,Kotaro,Scaly Spoon,Wall Gecko,Dusk,Gecko,Puppy,Green Thorns,Tiny Turtle,Scaly Spoon,Gila,Mech,Poison
1ec9eb7e-66f2-6abe-a60c-4de7f76f47c0,JoeyZephyr,69,Egg,2,filipino_flag;s7_bamboo,2024-04-03 03:17:22,11429062,5185908,11701380,50,rune_neutral_4011_s7_offseason,rune_dusk_4010_s7_offseason,rune_dusk_4011_s7_offseason,ecard_neutral_2011_s7,ecard_neutral_2017_s7_offseason,ecard_neutral_2010_s7_offseason,ecard_bug_4011_s7_offseason,ecard_neutral_4012_s7_offseason,ecard_aquatic_2012_s7_offseason,ecard_neutral_2014_s7,ecard_neutral_2010_s7_offseason,ecard_neutral_3014_s7_offseason,ecard_bug_2013_s7_offseason,ecard_bug_3012_s7_offseason,ecard_bug_2012_s7_offseason,ecard_neutral_2011_s7_offseason,ecard_neutral_2017_s7_offseason,ecard_neutral_3014_s7_offseason,ecard_neutral_2010_s7_offseason,ecard_neutral_2024_s7_offseason,ecard_aquatic_4010_s7_offseason,Kotaro?,Larva,Snail Shell,Pincer,Caterpillars,Ranchu,Bug,Confused,Ear Breathing,Scarab,Tiny Turtle,Pliers,Thorny Caterpillar,Dusk,Sleepless,Inkling,Raven,Pincer,Little Branch,Tadpole,Dusk,???
1ec9eb73-5ce5-6638-a60c-6a69122f3d64,pop smoke :/,70,Egg,2,11;patrick23,2024-04-02 07:25:25,11543808,10224911,11717105,50,rune_beast_3011_s7_offseason,rune_bird_4010_s7_offseason,rune_neutral_4011_s7_offseason,ecard_beast_4010_s7_nondec,ecard_beast_3013_s7_offseason,ecard_neutral_2010_s7,ecard_neutral_2010_s7,ecard_neutral_2011_s7,ecard_neutral_2014_s7,ecard_neutral_1001,ecard_bird_2012_s7_nft,ecard_neutral_1010_s7,ecard_bird_3012_s7_offseason,ecard_bird_3012_s7_offseason,ecard_bird_2011_s7_nft,,ecard_bird_4012_s7_offseason,ecard_bird_2012_s7_nondec,ecard_bird_2012_s7_nft,ecard_bird_3012_s7_offseason,ecard_bird_3011_s7_offseason,Chubby,Innocent Lamb,Ronin,Confident,Little Branch,Cottontail,Beast,Mavis,Sakura,Pigeon Post,Doubletalk,Eggshell,Post Fight,Bird,Little Owl,Early Bird,Tri Feather,Little Owl,Feather Spear,Feather Fan,Bird,Beast Aggro
1ed4afe3-74a7-6e17-b083-898c7e8cf834,waste time|WOENARTA|9,71,Egg,2,0;0,2024-04-02 13:24:46,11442644,11751198,11482156,50,rune_neutral_1010_s7,rune_reptile_venoki_1,rune_reptile_4010_s7_nondec,ecard_plant_4010_s7_nondec,ecard_neutral_2016_s7,ecard_neutral_1014_s7,ecard_neutral_1013_s7,ecard_neutral_1014_s7,ecard_neutral_2012_s7,ecard_reptile_3013_s7_nondec,ecard_neutral_2010_s7,ecard_plant_0001,ecard_neutral_2011_s7,ecard_neutral_2014_s7,ecard_neutral_2014_s7,ecard_reptile_venoki_1,ecard_neutral_2016_s7,ecard_neutral_2017_s7_nondec,ecard_neutral_1013_s7,ecard_reptile_venoki_1,ecard_neutral_2012_s7,Papi,Small Frill,Green Thorns,Cute Bunny,Leaf Bug,Yam,Dusk,Gecko,Small Frill,Green Thorns,Tiny Turtle,Dual Blade,Cattail,Reptile,Gecko,Small Frill,Green Thorns,Razor Bite,Scaly Spoon,Gila,Reptile,Poison
1ec9eb6f-5f9b-6ca9-a60c-217caedb83ab,boynoe1235,72,Egg,2,11;0,2024-04-02 07:01:02,1443715,1118861,3612351,50,rune_plant_4012_s7_offseason,rune_aquatic_4012_s7_offseason,rune_neutral_4011_s7_offseason,,ecard_neutral_4011_s7_offseason,,ecard_neutral_4011_s7_offseason,,ecard_neutral_4011_s7_offseason,ecard_aquatic_4012_s7_offseason,ecard_neutral_2014_s7_offseason,ecard_neutral_3010_s7_offseason,ecard_neutral_2010_s7,ecard_neutral_2021_s7_offseason,,ecard_plant_2012_s7_nft,ecard_neutral_4011_s7_offseason,,ecard_neutral_4011_s7_offseason,,ecard_aquatic_4011_s7_nondec,Cucumber Slice,Rosa,Pumpkin,Serious,Beech,Shiba,Plant,Telescope,Curly,Kingfisher,Confident,Kestrel,Potato Leaf,Aquatic,Papi,Tassels,Tri Feather,Catfish,Beech,Koi,Plant,Sustain
1ee8bed8-4afe-6678-af4b-d97c74832205,Amon | Skylab,73,Egg,2,7;puffy_postseason_6,2024-04-03 02:17:24,6115623,11506041,11476947,50,rune_plant_4010_s7_offseason,rune_neutral_4011_s7_offseason,rune_reptile_4010_s7_offseason,,ecard_plant_4012_s7_offseason,ecard_neutral_4015_s7_offseason,ecard_bug_2011_s7_offseason,ecard_reptile_2011_s7_offseason,ecard_plant_3013_s7_offseason,ecard_neutral_3015_s7_offseason,ecard_reptile_2013_s7_nondec,ecard_neutral_3016_s7_offseason,,ecard_reptile_4012_s7_offseason,ecard_neutral_2010_s7_offseason,,ecard_neutral_2018_s7_offseason,ecard_neutral_2017_s7_offseason,,ecard_reptile_4012_s7_offseason,ecard_neutral_3012_s7_offseason,Blossom,Rosa,Green Thorns,Serious,Leaf Bug,Yam,Plant,Gecko,Clover,Green Thorns,Kotaro,Scaly Spoon,Yam,Reptile,Tricky,Small Frill,Green Thorns,Tiny Turtle,Scaly Spoon,Wall Gecko,Reptile,Poison
1ec9eb6f-83ca-67b0-a60c-e87cc3c5fbad,mehwishabid,74,Egg,2,s6_top20k;0,2024-03-29 16:12:49,8244869,3,2803438,50,rune_plant_4010_s7_offseason,rune_aquatic_4012_s7_offseason,rune_beast_4010_s7_nondec,ecard_plant_2012_s7_nft,ecard_neutral_2011_s7_offseason,ecard_neutral_2010_s7_offseason,ecard_neutral_4015_s7_offseason,ecard_plant_2011_s7_offseason,ecard_neutral_4015_s7_offseason,ecard_aquatic_4012_s7_offseason,ecard_neutral_2010_s7_offseason,ecard_neutral_2010_s7_offseason,ecard_neutral_2010_s7_offseason,ecard_neutral_2010_s7_offseason,ecard_neutral_2010_s7_offseason,ecard_neutral_4015_s7_offseason,ecard_neutral_2010_s7_offseason,ecard_neutral_2010_s7_offseason,ecard_neutral_2010_s7_offseason,ecard_neutral_2010_s7_offseason,ecard_neutral_2010_s7_offseason,Papi,Leaf Bug,Pumpkin,Zigzag,Rose Bud,Hot Butt,Plant,,,,,,,,Blossom,Nut Cracker,Ronin,Nut Cracker,Imp,Nut Cracker,Beast,Beast Aggro
1ec9eb6f-43dd-6292-a60c-dba22ef837b2,Jose / TEAM AH,75,Egg,2,8;wood_s3,2024-04-02 19:56:21,10036605,3337950,7918115,50,rune_neutral_4011_s7_offseason,rune_aquatic_3012_s7_nft,rune_aquatic_4012_s7_offseason,ecard_neutral_3015_s7,ecard_neutral_2021_s7_nft,ecard_aquatic_4012_s7_offseason,ecard_neutral_2021_s7_offseason,,,ecard_neutral_2022_s7,ecard_aquatic_4011_s7_offseason,ecard_aquatic_4011_s7_offseason,,ecard_neutral_2017_s7,,ecard_aquatic_4011_s7_nondec,ecard_aquatic_3013_s7_offseason,ecard_neutral_2013_s7_offseason,,ecard_bird_2011_s7_offseason,ecard_neutral_3012_s7_nondec,Gecko,Nimo,Indian Star,Kotaro,Merry,Nimo,Reptile,Lucas,Inkling,Mint,Risky Fish,Shoal Star,Nimo,Aquatic,Gero,Nimo,Raven,Catfish,Teal Shell,Koi,Aquatic,Sustain
1ec9eb6f-69ad-6987-a60c-54de734ac0c0,YES NA YES,76,Egg,2,filipino_flag;0,2024-04-02 12:27:18,2380804,11510544,734542,50,rune_plant_4012_s7_offseason,rune_plant_4010_s7_offseason,rune_beast_2011_s7_offseason,ecard_neutral_3012_s7_nondec,ecard_plant_2011_s7_nondec,ecard_neutral_2010_s7,ecard_neutral_3010_s7_offseason,ecard_plant_2011_s7_offseason,,ecard_neutral_2017_s7,ecard_neutral_2017_s7,ecard_neutral_2010_s7,ecard_neutral_3010_s7,ecard_bug_2012_s7_offseason,ecard_neutral_2010_s7,ecard_neutral_3012_s7_offseason,ecard_beast_2011_s7_offseason,ecard_beast_2011_s7_offseason,ecard_beast_4010_s7_nondec,ecard_beast_2011_s7_nondec,ecard_beast_2011_s7_offseason,Chubby,Pogona,Pumpkin,Serious,Cactus,Carrot,Plant,Papi,Nut Cracker,Scarab,Confident,Cactus,Carrot,Plant,Chubby,Nut Cracker,Ronin,Axie Kiss,Dual Blade,Nut Cracker,Beast,Beast Aggro
1ec9eb73-585c-6681-a60c-7a76a294a0b7,Roaxieone,77,Egg,2,red_envelope_lunar23;s7_bamboo,2024-04-02 19:54:46,207284,11401818,7,50,rune_plant_4012_s7_offseason,rune_neutral_4011_s7_offseason,rune_reptile_venoki_1,ecard_neutral_2017_s7_nondec,ecard_bug_3011_s7_nft,ecard_plant_2012_s7_nft,ecard_neutral_2018_s7,ecard_neutral_3015_s7,ecard_neutral_2018_s7,,,ecard_reptile_venoki_1,ecard_neutral_2018_s7,ecard_neutral_2017_s7,ecard_neutral_3012_s7_nondec,,ecard_reptile_2013_s7_nft,ecard_reptile_venoki_1,ecard_neutral_3010_s7,ecard_plant_2012_s7_nft,ecard_plant_0001,Papi,Hollow,Watering Can,Cute Bunny,Arco,Yam,Plant,Tricky,Small Frill,Green Thorns,Tiny Turtle,Watermelon,Gila,Reptile,,,,,,,,Poison
1ed86ac4-9848-6597-bb10-432c58bb096a,Sir_Larochelle_is_back,78,Egg,2,7;ena_postseason_6,2024-04-03 03:26:15,5007643,217233,3139132,50,rune_plant_4010_s7_nondec,rune_aquatic_4012_s7_offseason,rune_aquatic_4010_s7_nondec,ecard_plant_3010_s7_nondec,ecard_neutral_4015_s7_offseason,,ecard_plant_4012_s7_offseason,ecard_plant_4012_s7_offseason,,,ecard_aquatic_4012_s7_offseason,ecard_aquatic_4012_s7_offseason,ecard_neutral_3015_s7_nondec,,ecard_neutral_4015_s7_offseason,,ecard_aquatic_4011_s7_offseason,ecard_neutral_3015_s7_offseason,,ecard_aquatic_4011_s7_offseason,ecard_aquatic_4011_s7_offseason,Blossom,Hollow,Pumpkin,Serious,Cactus,Cattail,Plant,Clear,Bubblemaker,Sponge,Lam,Lagging,Tiny Dino,Aquatic,Telescope,Bubblemaker,Goldfish,Risky Fish,Cuckoo,Koi,Aquatic,Bubble
1ec9eb7e-42aa-6d72-a60c-3461dc25cd08,Peko,79,Egg,2,1;s7_bamboo,2024-04-02 07:59:18,11900091,11878554,11952199,40,rune_reptile_4010_s7_offseason,rune_reptile_4011_s7_offseason,rune_reptile_3010_s7_offseason,ecard_reptile_3013_s7_offseason,ecard_neutral_2018_s7,ecard_reptile_4012_s7_offseason,,ecard_reptile_4012_s7_offseason,,ecard_reptile_2013_s7_offseason,ecard_neutral_1010_s7,ecard_reptile_4012_s7_offseason,ecard_neutral_2018_s7_offseason,ecard_reptile_4012_s7_offseason,,,ecard_neutral_2018_s7_offseason,ecard_reptile_4012_s7_offseason,,ecard_reptile_4012_s7_offseason,ecard_reptile_3012_s7_offseason,Gecko,Small Frill,Green Thorns,Tiny Turtle,Scaly Spoon,Cottontail,Reptile,Gecko,Small Frill,Green Thorns,Tiny Turtle,Watermelon,Potato Leaf,Reptile,Gecko,Small Frill,Green Thorns,Tiny Turtle,Scaly Spoon,Gila,Reptile,Poison
1eed1961-4134-6570-a398-79ef51aba0b9,Jombistarkiller14,80,Egg,2,1;0,2024-04-02 19:12:24,21,22,1,40,,,,,,ecard_beast_bing_1,,,,,,,,,,,,,,,,Papi,Nyan,Tri Spikes,Goda,Winter Branch,Koi,Beast,Confused,Bubblemaker,Bidens,Kotaro,Rose Bud,Tadpole,Aquatic,,,,,,,,???
1ec9eb6f-3f63-6c36-a60c-72af8a6a4113,nhatquangsin,81,Egg,2,s6_top20k;s6_lilly_pad,2024-04-03 08:58:58,7,11569184,11427106,40,rune_reptile_venoki_1,rune_neutral_utility_1,rune_neutral_utility_1,ecard_neutral_1001,ecard_neutral_1001,ecard_neutral_1001,ecard_neutral_1001,ecard_neutral_1001,ecard_neutral_1001,ecard_neutral_1001,ecard_neutral_1003,ecard_reptile_venoki_1,ecard_neutral_1001,ecard_reptile_venoki_1,ecard_neutral_1001,ecard_neutral_1001,ecard_neutral_1001,ecard_neutral_1001,ecard_neutral_1001,ecard_neutral_1001,ecard_neutral_1001,,,,,,,,Nerdy,Small Frill,Green Thorns,Kotaro,Scaly Spoon,Gila,Reptile,Mavis,Small Frill,Green Thorns,Tiny Turtle,Scaly Spoon,Yam,Reptile,Poison
1ee7a00a-de01-6b83-bd2c-ea7c8db5acdc,MOROsKY/prime,82,Egg,2,cute_puffy;s7_bamboo,2024-04-03 01:00:45,4304610,11880152,11822650,40,rune_reptile_4012_s7_offseason,rune_aquatic_4011_s7_offseason,rune_reptile_4011_s7_offseason,ecard_aquatic_2013_s7_offseason,ecard_aquatic_2011_s7_offseason,ecard_neutral_1010_s7,ecard_neutral_1011_s7,ecard_neutral_2017_s7_offseason,ecard_neutral_2016_s7_offseason,ecard_bird_4012_s7_offseason,ecard_neutral_3015_s7_offseason,ecard_bird_3011_s7_offseason,ecard_bird_3011_s7_offseason,ecard_neutral_2022_s7_offseason,,ecard_bug_2012_s7_offseason,ecard_neutral_2018_s7_offseason,ecard_neutral_2017_s7_offseason,ecard_neutral_2013_s7_offseason,ecard_neutral_2017_s7_offseason,ecard_reptile_3012_s7_offseason,Telescope,Bubblemaker,Snail Shell,Piranha,Clamshell,Thorny Caterpillar,Reptile,Little Owl,Owl,Tri Feather,Little Owl,Feather Spear,Feather Fan,Aquatic,Kotaro?,Small Frill,Green Thorns,Tiny Turtle,Scaly Spoon,Gila,Reptile,Machine Gun Owl
1eea1731-2f15-69bc-a0e3-11dedb7a7960,Nothing,83,Egg,2,,2024-04-03 08:59:26,10502240,11957396,8333546,40,,,,,,,,,,,,,,,,,,,,,,Gero,Lotus,Anemone,Lam,Anemone,Nimo,Aquatic,Sleepless,Lotus,Garish Worm,Piranha,Anemone,Cottontail,Mech,Nerdy,Inkling,Anemone,Piranha,Anemone,Nimo,Aquatic,Anemone
1ee1da0e-7931-60fc-8c27-5ebe3ef0b4f4,oyot 1997,84,Egg,2,s6_mooncake;puffy_postseason_6,2024-03-29 15:49:53,11885328,11683217,1,40,rune_plant_4012_s7_offseason,rune_mech_4011_s7_offseason,rune_beast_4010_s7_offseason,ecard_neutral_1001,ecard_neutral_2017_s7_nondec,ecard_neutral_2015_s7_nft,ecard_neutral_3012_s7,ecard_neutral_1001,ecard_plant_3010_s7_nft,ecard_neutral_2015_s7_nft,ecard_neutral_2017_s7_nft,,ecard_neutral_3012_s7_nft,,ecard_neutral_3012_s7,ecard_beast_buba_1,ecard_neutral_2010_s7_offseason,ecard_neutral_2010_s7_offseason,ecard_neutral_2010_s7_offseason,,ecard_beast_4011_s7_offseason,Gero,Innocent Lamb,Goldfish,Confident,Cuckoo,Cattail,Plant,Zeal,Innocent Lamb,Green Thorns,Confident,Cuckoo,Ranchu,Mech,,,,,,,,???
1eeeb8df-97cc-6710-8c02-d916fa77a4c3,Teatwo.J l PSG l YGG,85,Egg,2,,2024-04-02 10:39:41,5605838,11967789,11896684,40,rune_neutral_4010_s7_offseason,rune_bird_4010_s7_offseason,rune_mech_4012_s7_offseason,ecard_bug_2012_s7_offseason,ecard_neutral_2018_s7_offseason,ecard_plant_4012_s7_offseason,ecard_neutral_2012_s7_offseason,ecard_reptile_3011_s7_offseason,ecard_bird_4012_s7_offseason,,,ecard_bug_4011_s7_offseason,ecard_neutral_4014_s7_offseason,ecard_bird_3012_s7_offseason,ecard_aquatic_3011_s7_offseason,,,ecard_neutral_2012_s7_offseason,ecard_neutral_4014_s7_offseason,ecard_bird_4012_s7_offseason,ecard_neutral_4010_s7_offseason,Kotaro?,Sakura,Red Ear,Herbivore,Feather Spear,Granma's Fan,Plant,Kotaro?,Earwing,Tri Feather,Kotaro,Wing Horn,Ranchu,Bird,Kotaro?,Earwing,Tri Feather,Kotaro,Wing Horn,Shrimp,Mech,Feather
1ec9eb7e-68bc-67ff-a60c-c2b6992b2ec2,Seggi HDAO,86,Egg,2,cute_puffy;puffy_postseason_6,2024-04-02 14:37:01,6294769,11229139,11284956,40,rune_aquatic_4010_s7_offseason,rune_neutral_4011_s7_offseason,rune_aquatic_4012_s7_offseason,,ecard_aquatic_3013_s7_offseason,ecard_aquatic_2011_s7_offseason,ecard_neutral_2010_s7_offseason,ecard_aquatic_3013_s7_offseason,ecard_aquatic_4011_s7_offseason,,ecard_aquatic_4011_s7_offseason,ecard_aquatic_2011_s7_offseason,ecard_neutral_3012_s7_offseason,ecard_aquatic_2011_s7_offseason,ecard_aquatic_3012_s7_offseason,,ecard_aquatic_2011_s7_offseason,ecard_aquatic_3013_s7_offseason,ecard_neutral_3012_s7_offseason,ecard_aquatic_2011_s7_offseason,ecard_aquatic_4011_s7_offseason,Clear,Inkling,Goldfish,Risky Fish,Shoal Star,Koi,Aquatic,Telescope,Seaslug,Blue Moon,Piranha,Cuckoo,Koi,Aquatic,Telescope,Nimo,Blue Moon,Piranha,Cuckoo,Koi,Aquatic,Cuckoo
1edc7e5f-777b-65b4-bd08-398745513428,JokerSK2905| Skylab,87,Egg,2,s6_mooncake;s7_bamboo,2024-04-02 14:12:28,11645006,11574443,11782797,40,rune_dawn_4011_s7_nondec,rune_reptile_2011_s7_nft,rune_neutral_1010_s7,,ecard_neutral_2023_s7,ecard_reptile_4010_s7_nondec,ecard_neutral_2023_s7,ecard_neutral_2020_s7,,ecard_neutral_2022_s7,ecard_neutral_1002,ecard_neutral_2022_s7,ecard_neutral_2013_s7,ecard_neutral_3015_s7,ecard_neutral_1012_s7,ecard_neutral_1010_s7,ecard_neutral_1010_s7,ecard_neutral_1014_s7,ecard_neutral_3012_s7,ecard_neutral_2015_s7,ecard_neutral_1010_s7,Gecko,Small Frill,Green Thorns,Silence Whisper,Scaly Spoon,Tiny Dino,Dawn,Scar,Small Frill,Green Thorns,Tiny Turtle,Scaly Spoon,Yam,Reptile,Gecko,Small Frill,Green Thorns,Tiny Turtle,Watermelon,Cottontail,Reptile,Poison
1ec9eb77-4ba7-6f83-a60c-c6ab9a0c2d0e,banglartaka22,88,Egg,2,,2024-04-02 23:00:49,2488517,9836414,11179487,40,,,,,,,,,,,,,,,,,,,,,,Confused,Lotus,Sandal,Zigzag,Watermelon,Hot Butt,Plant,Telescope,Nimo,Risky Beast,Risky Fish,Arco,Grass Snake,Aquatic,Gecko,Curved Spine,Indian Star,Kotaro,Scaly Spoon,Tiny Dino,Reptile,Sustain
1ec9eb7e-3c2f-6c01-a60c-1b483830d6d3,Fachur,89,Egg,2,11;iron_s1,2024-04-02 09:37:26,1480247,11587934,416252,40,rune_neutral_3011_s7_offseason,rune_neutral_4011_s7_offseason,rune_bird_4012_s7_offseason,ecard_neutral_3016_s7_offseason,,ecard_bird_4011_s7_offseason,ecard_bird_4012_s7_offseason,,ecard_bird_4010_s7_offseason,ecard_neutral_3016_s7_offseason,,,ecard_bird_4012_s7_offseason,ecard_bird_4010_s7_offseason,ecard_bird_4012_s7_offseason,ecard_neutral_3016_s7_offseason,,,ecard_bird_4012_s7_offseason,ecard_bird_4010_s7_offseason,ecard_bird_4010_s7_offseason,Mavis,Curly,Cupid,Little Owl,Eggshell,Granma's Fan,Bird,Mavis,Early Bird,Cupid,Little Owl,Eggshell,The Last One,Bird,Mavis,Early Bird,Cupid,Little Owl,Eggshell,Granma's Fan,Bird,Bird Summon
1ee95253-cc64-62e7-a8e7-cff62165a037,iTiSwhatiTiS,90,Egg,3,,2024-04-02 08:31:47,3808188,10768299,9247192,20,rune_plant_4012_s7_offseason,rune_plant_4010_s7_offseason,rune_plant_4011_s7_offseason,ecard_plant_2012_s7_offseason,ecard_plant_4012_s7_offseason,ecard_plant_4012_s7_offseason,,ecard_plant_2011_s7_offseason,ecard_plant_4012_s7_offseason,ecard_plant_2011_s7_offseason,ecard_plant_4012_s7_offseason,ecard_plant_2011_s7_offseason,ecard_plant_4012_s7_offseason,ecard_plant_2011_s7_offseason,ecard_plant_2012_s7_offseason,ecard_neutral_2014_s7_offseason,ecard_beast_2011_s7_offseason,ecard_plant_4012_s7_offseason,ecard_plant_4012_s7_offseason,,ecard_plant_4012_s7_offseason,Cucumber Slice,Hollow,Pumpkin,Serious,Rose Bud,Hot Butt,Plant,Papi,Clover,Watering Can,Serious,Cactus,Hot Butt,Plant,Papi,Clover,Bidens,Axie Kiss,Cactus,Hot Butt,Plant,Healing
1ec9eb6f-57df-6890-a60c-01811636fa7b,G,91,Egg,3,11;0,2024-04-02 05:08:36,11536820,11589623,11971134,20,rune_bird_4012_s7_offseason,rune_bird_4010_s7_offseason,rune_aquatic_4012_s7_offseason,ecard_neutral_2010_s7_offseason,ecard_plant_2011_s7_offseason,ecard_bug_4011_s7_offseason,ecard_neutral_2010_s7_offseason,ecard_bird_2012_s7_offseason,ecard_bird_3013_s7_offseason,ecard_neutral_2010_s7_offseason,ecard_aquatic_2012_s7_offseason,ecard_neutral_2018_s7_offseason,ecard_bird_2012_s7_offseason,ecard_bird_3012_s7_offseason,ecard_bird_3012_s7_offseason,,ecard_neutral_2010_s7_offseason,ecard_neutral_2010_s7_offseason,ecard_neutral_3012_s7_offseason,ecard_bird_4012_s7_offseason,ecard_neutral_2010_s7_offseason,Kotaro?,Earwing,Tri Feather,Serious,Merry,Granma's Fan,Bird,Mavis,Earwing,Tri Feather,Catfish,Eggshell,Granma's Fan,Bird,Kotaro?,Small Frill,Tri Feather,Square Teeth,Wing Horn,Granma's Fan,Aquatic,Feather
1eec9c70-b2bc-6780-a783-55f1c4a70ece,Lunacian #2,92,Egg,3,,2024-04-03 02:47:22,8010365,6305728,6103234,20,rune_plant_2011_s7_offseason,rune_plant_2010_s7_offseason,rune_neutral_2010_s7_offseason,ecard_plant_2011_s7_offseason,ecard_plant_2011_s7_offseason,ecard_plant_2011_s7_offseason,ecard_plant_2011_s7_offseason,ecard_plant_2011_s7_offseason,ecard_plant_2011_s7_offseason,ecard_plant_2011_s7_offseason,ecard_plant_2011_s7_offseason,ecard_plant_2011_s7_offseason,ecard_plant_2011_s7_offseason,ecard_plant_2011_s7_offseason,ecard_plant_2011_s7_offseason,ecard_neutral_2010_s7_offseason,ecard_neutral_2011_s7_offseason,ecard_neutral_2011_s7_offseason,ecard_neutral_2010_s7_offseason,ecard_neutral_2011_s7_offseason,ecard_neutral_2011_s7_offseason,Papi,Clover,Pumpkin,Serious,Cactus,Hot Butt,Plant,Blossom,Clover,Pumpkin,Serious,Rose Bud,Carrot,Plant,Clear,Inkling,Goldfish,Risky Fish,Shoal Star,Koi,Aquatic,Clover
1eedd0c0-7e33-68db-8e86-638a48b29f20,Metakilleroricha,93,Egg,3,,2024-04-02 23:42:54,11997164,11947699,11971934,20,rune_neutral_3011_s7_offseason,rune_mech_4011_s7_offseason,rune_aquatic_4012_s7_offseason,,ecard_neutral_3010_s7_offseason,ecard_neutral_2017_s7_offseason,,ecard_bug_4011_s7_offseason,ecard_aquatic_3013_s7_offseason,ecard_aquatic_2011_s7_offseason,ecard_aquatic_2011_s7_offseason,,ecard_neutral_3010_s7_offseason,ecard_neutral_3012_s7_offseason,ecard_aquatic_3013_s7_offseason,ecard_aquatic_2011_s7_offseason,ecard_neutral_3010_s7_offseason,ecard_aquatic_3013_s7_offseason,ecard_aquatic_3010_s7_offseason,ecard_neutral_3011_s7_offseason,,Sleepless,Nimo,Sandal,Square Teeth,Babylonia,Nimo,Bird,Sleepless,Nimo,Sandal,Piranha,Babylonia,Nimo,Mech,Sleepless,Nimo,Sandal,Square Teeth,Babylonia,Nimo,Aquatic,Sandal
1eeea98a-3145-6a6a-b2be-98bbcbefb3a8,SupremoIsko.Gabo,94,Egg,3,7;0,2024-04-02 22:25:13,2299634,10662169,4244599,20,rune_reptile_4010_s7_offseason,rune_dusk_4010_s7_offseason,rune_neutral_4011_s7_offseason,,ecard_neutral_2010_s7_offseason,ecard_aquatic_3013_s7_offseason,ecard_neutral_4012_s7_offseason,ecard_neutral_4012_s7_offseason,ecard_bug_2012_s7_offseason,,,ecard_neutral_2017_s7_offseason,ecard_neutral_4012_s7_offseason,ecard_neutral_4012_s7_offseason,ecard_bug_4010_s7_offseason,,ecard_reptile_3013_s7_offseason,ecard_neutral_2017_s7_offseason,ecard_neutral_4012_s7_offseason,ecard_neutral_4012_s7_offseason,,Clear,Bubblemaker,Snail Shell,Nut Cracker,Lagging,Thorny Caterpillar,Reptile,Clear,Bubblemaker,Snail Shell,Tiny Turtle,Lagging,Thorny Caterpillar,Dusk,Clear,Bubblemaker,Snail Shell,Tiny Turtle,Lagging,Thorny Caterpillar,Reptile,Goo
1ec9eb7e-6e86-61d7-a60c-5e12d8358f85,kambing02,95,Egg,3,,2024-04-03 02:32:45,6437526,10573544,745099,20,,,,ecard_plant_2011_s7_offseason,ecard_neutral_2011_s7_offseason,ecard_bug_2013_s7_offseason,ecard_bug_2011_s7_offseason,ecard_plant_4011_s7_offseason,ecard_plant_2012_s7_offseason,ecard_neutral_2011_s7_offseason,ecard_neutral_2011_s7_offseason,ecard_reptile_4011_s7_offseason,ecard_reptile_2011_s7_offseason,ecard_neutral_2013_s7_offseason,ecard_neutral_2023_s7_offseason,ecard_beast_2012_s7_offseason,ecard_beast_3012_s7_offseason,ecard_neutral_2018_s7_offseason,ecard_beast_2013_s7_offseason,ecard_beast_2011_s7_offseason,ecard_bird_2012_s7_offseason,Papi,Tassels,Pumpkin,Serious,Leaf Bug,Hot Butt,Plant,Gero,Small Frill,Bone Sail,Axie Kiss,Bumpy,Nimo,Dusk,Chubby,Nyan,Ronin,Goda,Imp,Granma's Fan,Beast,Sustain
1ec9eb7e-6e16-6b23-a60c-f1ebe835ae6c,METAehRON|PSG|YGG,96,Egg,3,turtle_buoy;bronze_s2,2024-04-02 21:49:05,11654372,11964866,11964860,20,rune_beast_3011_s7_offseason,rune_beast_4010_s7_offseason,rune_beast_3012_s7_offseason,ecard_beast_4012_s7_offseason,ecard_beast_4012_s7_offseason,ecard_beast_4012_s7_offseason,ecard_beast_2011_s7_offseason,ecard_aquatic_2012_s7_offseason,ecard_neutral_2014_s7,ecard_beast_4012_s7_offseason,ecard_beast_4012_s7_offseason,,,,,ecard_beast_4012_s7_offseason,ecard_beast_4012_s7_offseason,ecard_aquatic_4012_s7_offseason,ecard_beast_2011_s7_offseason,ecard_aquatic_2012_s7_offseason,ecard_neutral_1010_s7,Zeal,Innocent Lamb,Perch,Confident,Little Branch,Cottontail,Beast,Puppy,Nimo,Perch,Confident,Little Branch,Nimo,Beast,Puppy,Nimo,Perch,Confident,Little Branch,Nimo,Beast,Perch
1ec9eb77-543c-6bde-a60c-9aece5db750e,tv002,97,Egg,3,7;s5_bamboo,2024-04-03 08:58:11,11594526,11840733,11798206,20,rune_neutral_utility_1,rune_neutral_utility_1,rune_neutral_utility_1,ecard_neutral_1001,ecard_neutral_1001,ecard_plant_0001,ecard_neutral_1004,ecard_neutral_1002,ecard_neutral_1001,ecard_neutral_1001,ecard_neutral_1001,ecard_neutral_1005,ecard_neutral_1002,ecard_neutral_1005,ecard_neutral_1003,ecard_neutral_1001,ecard_neutral_1001,ecard_neutral_1001,ecard_neutral_1001,ecard_reptile_venoki_1,ecard_neutral_1001,Gecko,Small Frill,Jaguar,Tiny Turtle,Scaly Spoon,Yam,Reptile,Confused,Small Frill,Green Thorns,Little Owl,Oranda,Yam,Reptile,Gecko,Small Frill,Green Thorns,Herbivore,Beech,Yam,Reptile,Poison
1ee9637f-4e4e-6fb6-86d8-dbf39d3d01d2,channix,98,Egg,3,7;0,2024-04-02 14:58:52,5217012,9914334,10287381,20,rune_plant_4010_s7_offseason,rune_beast_4010_s7_offseason,rune_beast_4010_s7_offseason,ecard_neutral_4012_s7_offseason,ecard_neutral_3010_s7_offseason,ecard_neutral_3016_s7_offseason,ecard_neutral_4015_s7_offseason,,,ecard_neutral_4015_s7_offseason,ecard_beast_buba_1,ecard_neutral_1010_s7,ecard_neutral_1010_s7,ecard_neutral_2010_s7_offseason,ecard_neutral_2010_s7_offseason,ecard_neutral_2010_s7_offseason,ecard_neutral_2016_s7_offseason,ecard_neutral_2021_s7_offseason,ecard_neutral_2020_s7_offseason,ecard_neutral_3010_s7_offseason,,Confused,Hollow,Pumpkin,Serious,Leaf Bug,Hare,Plant,Chubby,Nut Cracker,Ronin,Nut Cracker,Imp,Nut Cracker,Beast,Little Peas,Belieber,Ronin,Nut Cracker,Imp,Nut Cracker,Beast,Beast Aggro
1ec9eb7e-5cae-61d5-a60c-2156570f46ee,montot,99,Egg,3,puffy_vday23;0,2024-04-03 03:29:48,11885163,11596119,11791811,20,rune_plant_olek_1,rune_neutral_2010_s7,rune_neutral_2010_s7,ecard_neutral_1001,ecard_neutral_1001,ecard_plant_0001,ecard_neutral_1001,ecard_reptile_venoki_1,ecard_neutral_1001,,,,,,,,,,,,,Gecko,Friezard,Green Thorns,Tiny Turtle,Watermelon,Potato Leaf,Plant,Gecko,Small Frill,Green Thorns,Tiny Turtle,Scaly Spoon,Gila,Dusk,Gecko,Small Frill,Green Thorns,Silence Whisper,Scaly Spoon,Snake Jar,Dusk,Poison
1eedde0b-0bcb-66a4-82e2-396c10a8d158,Astra Cheetoss,100,Egg,3,11;0,2024-04-03 03:23:50,10497152,6164108,6231096,20,rune_plant_4012_s7_offseason,rune_aquatic_4012_s7_offseason,rune_bird_4010_s7_offseason,ecard_plant_4012_s7_offseason,ecard_plant_2011_s7_offseason,ecard_plant_4012_s7_offseason,ecard_bug_3010_s7_offseason,ecard_reptile_2011_s7_offseason,ecard_neutral_2012_s7_offseason,,ecard_aquatic_4011_s7_offseason,ecard_aquatic_3010_s7_offseason,ecard_neutral_1010_s7,ecard_aquatic_4011_s7_offseason,ecard_aquatic_4011_s7_offseason,ecard_bird_3013_s7_offseason,ecard_bird_2011_s7_offseason,ecard_bird_3012_s7_offseason,ecard_bird_3012_s7_offseason,ecard_neutral_2013_s7,ecard_neutral_2011_s7_offseason,Papi,Clover,Indian Star,Serious,Leaf Bug,Yam,Plant,Clear,Inkling,Goldfish,Risky Fish,Shoal Star,Koi,Aquatic,Little Owl,Peace Maker,Kingfisher,Peace Maker,Trump,Post Fight,Bird,Sustain
1ed4f0d3-f7ce-6797-816f-3418a729dd68,zee™,101,Egg,3,1;0,2024-03-29 09:00:53,2233963,694845,4464003,20,rune_plant_4010_s7_offseason,rune_mech_4012_s7_offseason,rune_aquatic_4011_s7_offseason,ecard_neutral_2010_s7_offseason,ecard_neutral_2010_s7_offseason,ecard_neutral_2010_s7_offseason,ecard_plant_2013_s7_offseason,ecard_plant_2013_s7_offseason,ecard_plant_2013_s7_offseason,ecard_beast_4010_s7_offseason,,ecard_beast_4010_s7_offseason,ecard_neutral_2016_s7_offseason,ecard_beast_4010_s7_offseason,ecard_neutral_2011_s7_offseason,ecard_aquatic_4011_s7_offseason,ecard_aquatic_4011_s7_offseason,ecard_aquatic_2011_s7_offseason,ecard_aquatic_2013_s7_offseason,ecard_aquatic_2011_s7_offseason,ecard_aquatic_2011_s7_offseason,Papi,Lotus,Pumpkin,Serious,Cactus,Carrot,Plant,Chubby,Nyan,Ronin,Nut Cracker,Imp,Nut Cracker,Mech,Gero,Tiny Fan,Goldfish,Risky Fish,Shoal Star,Koi,Aquatic,Tiny Fan
1ee68f61-36c1-67b4-b653-dadef81193f3,Joseph,102,Egg,3,11;0,2024-04-03 08:59:10,11471441,11902299,11893726,20,,,,ecard_neutral_1001,ecard_neutral_1003,ecard_neutral_1001,ecard_neutral_1002,ecard_neutral_1001,ecard_neutral_1004,ecard_reptile_venoki_1,ecard_reptile_venoki_1,ecard_neutral_1001,ecard_neutral_1001,ecard_neutral_1005,ecard_neutral_1001,ecard_neutral_1001,ecard_neutral_1003,ecard_neutral_1005,ecard_neutral_1004,ecard_neutral_1005,,Gecko,Small Frill,Green Thorns,Kotaro,Incisor,Hatsune,Reptile,Gecko,Small Frill,Green Thorns,Razor Bite,Kestrel,Gila,Reptile,Gecko,Small Frill,Green Thorns,Kotaro,Scaly Spoon,Hatsune,Reptile,Poison
1eedcac5-969e-6703-9b53-84e40fe46879,Taro | SKYLAB,103,Egg,3,7;0,2024-04-03 03:21:42,11702362,11974783,11659990,20,rune_mech_4012_s7_offseason,rune_bird_4010_s7_offseason,rune_neutral_4011_s7_offseason,ecard_neutral_2016_s7_offseason,ecard_neutral_2018_s7_offseason,ecard_bug_3012_s7_offseason,,ecard_bird_3011_s7_offseason,ecard_bird_4012_s7_offseason,ecard_bug_2012_s7_offseason,ecard_reptile_2011_s7_offseason,ecard_neutral_2018_s7_offseason,ecard_neutral_3012_s7_offseason,ecard_bird_3011_s7_offseason,ecard_aquatic_3011_s7_offseason,ecard_beast_4010_s7_offseason,ecard_neutral_2017_s7,,ecard_neutral_2012_s7_offseason,ecard_bird_4012_s7_offseason,ecard_neutral_2017_s7_offseason,Kotaro?,Earwing,Tri Feather,Axie Kiss,Wing Horn,Granma's Fan,Mech,Kotaro?,Earwing,Tri Feather,Kotaro,Wing Horn,Ranchu,Bird,Little Peas,Innocent Lamb,Tri Feather,Confident,Wing Horn,Cottontail,Dawn,Feather
1eef1976-3477-6bd9-ade6-5f12d050d489,Guest Cevacade,104,Egg,3,,2024-04-03 08:59:22,21,22,1,20,,,,,,,,,,,,,,,,,,,,,,Papi,Nyan,Tri Spikes,Goda,Winter Branch,Koi,Beast,Confused,Bubblemaker,Bidens,Kotaro,Rose Bud,Tadpole,Aquatic,,,,,,,,???
1ec9eb7e-5eab-6615-a60c-1e79551c76e2,Life Artist,105,Egg,3,7;0,2024-04-02 21:54:11,11955797,2734008,1066544,20,rune_plant_4012_s7_offseason,rune_beast_tripp_1,rune_beast_2012_s7_offseason,ecard_neutral_2017_s7_offseason,ecard_plant_3010_s7_offseason,ecard_neutral_2010_s7_offseason,ecard_plant_3010_s7_offseason,,ecard_plant_3012_s7_offseason,ecard_neutral_2020_s7_offseason,ecard_beast_4012_s7_offseason,ecard_beast_4012_s7_offseason,ecard_neutral_2018_s7_offseason,ecard_neutral_2011_s7_offseason,,,ecard_beast_3012_s7_offseason,ecard_beast_3012_s7_offseason,ecard_beast_2011_s7_offseason,ecard_beast_3010_s7_offseason,ecard_beast_buba_1,Cucumber Slice,Innocent Lamb,Bidens,Silence Whisper,Rose Bud,Cattail,Plant,Gecko,Zen,Risky Beast,Axie Kiss,Dual Blade,Ant,Beast,Little Peas,Nut Cracker,Ronin,Nut Cracker,Imp,Nut Cracker,Beast,Beast Aggro
1ec9eb6f-6fa3-69b1-a60c-2702aa02d150,kenken | sushiclub | PZL,106,Egg,3,genkai_1;gold_s3,2024-04-03 00:02:33,11682538,1345766,11522032,20,rune_dawn_3012_s7_offseason,rune_bird_4012_s7_offseason,rune_plant_4010_s7_offseason,ecard_neutral_3016_s7_offseason,ecard_neutral_2018_s7_offseason,ecard_bug_2012_s7_offseason,ecard_reptile_2011_s7_offseason,ecard_neutral_3015_s7_offseason,ecard_neutral_3015_s7,ecard_neutral_3016_s7_offseason,ecard_plant_2011_s7_offseason,,ecard_bird_3011_s7_offseason,ecard_bird_4010_s7_offseason,ecard_bird_4010_s7_offseason,ecard_neutral_3016_s7_offseason,ecard_neutral_2018_s7_offseason,,ecard_bird_2012_s7_offseason,ecard_plant_4010_s7_offseason,ecard_bird_4010_s7_offseason,Mavis,Ear Breathing,Snail Shell,Tiny Turtle,Scaly Spoon,Twin Tail,Dawn,Mavis,Pink Cheek,Cupid,Silence Whisper,Eggshell,Granma's Fan,Bird,Mavis,Earwing,Mint,Peace Maker,Eggshell,Granma's Fan,Plant,Bird Summon
1ec9eb6f-497a-6455-a60c-3667d3fd13f9,GodfatherOG,107,Egg,3,7;wood_s1,2024-04-02 11:12:33,11783996,11780543,11788717,20,rune_neutral_4011_s7_offseason,rune_dusk_4010_s7_offseason,rune_dusk_4011_s7_offseason,ecard_neutral_2017_s7,ecard_neutral_4012_s7_offseason,ecard_neutral_4012_s7_offseason,,,ecard_neutral_4012_s7_offseason,ecard_neutral_2017_s7_offseason,,ecard_neutral_4012_s7_offseason,ecard_neutral_1010_s7,ecard_neutral_4012_s7_offseason,ecard_plant_0001,ecard_neutral_2017_s7_offseason,ecard_neutral_4012_s7_offseason,ecard_neutral_4012_s7_offseason,,,ecard_neutral_4012_s7_offseason,Neo,Inkling,Indian Star,Doubletalk,Parasite,Tadpole,Bug,Neo,Inkling,Raven,Toothless Bite,Shoal Star,Cottontail,Dusk,Papi,Inkling,Raven,Doubletalk,Parasite,Tadpole,Dusk,Jinx
1ec9eb7b-1472-6daa-a60c-05a95264e6a9,Birador - Gaijee,108,Egg,3,,2024-03-15 04:47:04,7533497,11495602,11484684,20,rune_neutral_2011_s7,rune_aquatic_puffy_1,rune_neutral_2010_s7,ecard_neutral_1010_s7,ecard_neutral_1010_s7,ecard_neutral_1010_s7,ecard_neutral_2013_s7,ecard_neutral_1010_s7,ecard_neutral_1011_s7,ecard_neutral_1010_s7,ecard_aquatic_4011_s7_nondec,ecard_neutral_2011_s7,ecard_neutral_1010_s7,ecard_neutral_1013_s7,ecard_neutral_1010_s7,ecard_aquatic_puffy_1,ecard_aquatic_puffy_1,ecard_neutral_1010_s7,ecard_neutral_1010_s7,ecard_neutral_2018_s7,ecard_neutral_1011_s7,Clear,Bubblemaker,Snail Shell,Tiny Turtle,Lagging,Thorny Caterpillar,Dusk,Clear,Inkling,Sponge,Risky Fish,Shoal Star,Nimo,Aquatic,Sleepless,Bubblemaker,Jaguar,Risky Fish,Shoal Star,Hare,Aquatic,Bubble
1ec9eb7e-5e16-6331-a60c-d4108ffa327e,T#15 | 6away.net,109,Egg,3,filipino_flag;ena_postseason_6,2024-04-02 15:32:33,6236060,7055267,7163686,20,rune_plant_4012_s7_offseason,rune_aquatic_4010_s7_offseason,rune_aquatic_2012_s7_offseason,ecard_plant_4012_s7_offseason,ecard_neutral_2011_s7,ecard_neutral_3016_s7_offseason,ecard_plant_3011_s7_offseason,ecard_plant_4012_s7_offseason,ecard_neutral_2011_s7_offseason,,ecard_neutral_3012_s7_offseason,ecard_aquatic_2013_s7_offseason,,ecard_aquatic_4012_s7_offseason,,,ecard_aquatic_4012_s7_offseason,ecard_aquatic_4012_s7_offseason,,ecard_aquatic_4012_s7_offseason,,Papi,Hollow,Pumpkin,Serious,Rose Bud,Carrot,Plant,Clear,Gill,Sponge,Risky Fish,Shoal Star,Nimo,Aquatic,Clear,Gill,Sponge,Risky Fish,Shoal Star,Nimo,Aquatic,Bubble
1ec9eb77-5347-60a9-a60c-e91549b9d981,SLeeP | METAdobo,110,Egg,3,easter_eggs;paschal_eggs,2024-04-02 16:57:20,25,11998456,11994552,20,rune_plant_4012_s7_offseason,rune_reptile_4011_s7_offseason,rune_reptile_3011_s7_offseason,ecard_neutral_2018_s7,ecard_neutral_2018_s7_offseason,,,ecard_neutral_2018_s7_offseason,ecard_neutral_2017_s7_offseason,,,ecard_neutral_2025_s7_offseason,ecard_plant_mit_1,ecard_reptile_4011_s7_offseason,,,,ecard_neutral_2025_s7_offseason,ecard_plant_mit_1,ecard_reptile_4011_s7_nondec,,Mavis,Bubblemaker,Tri Spikes,Catfish,Caterpillars,Tiny Dino,Aquatic,Papi,Rosa,Green Thorns,Silence Whisper,Watermelon,Potato Leaf,Reptile,Gecko,Rosa,Green Thorns,Tiny Turtle,Watermelon,Potato Leaf,Reptile,Mit Sleep
1ec9eb77-7de2-66c7-a60c-93f05b69ac60,BringbackV2,111,Egg,3,s6_mooncake;0,2024-04-03 01:35:03,9022304,3724900,8205508,20,rune_aquatic_4012_s7_offseason,rune_dusk_4010_s7_offseason,rune_aquatic_4010_s7_offseason,ecard_neutral_2010_s7,ecard_aquatic_4012_s7_offseason,,ecard_aquatic_4012_s7_offseason,ecard_aquatic_4012_s7_offseason,ecard_neutral_1010_s7,,,ecard_reptile_3012_s7_offseason,ecard_neutral_3012_s7_offseason,ecard_neutral_4015_s7_offseason,ecard_bird_3010_s7_offseason,,ecard_aquatic_4012_s7_offseason,ecard_aquatic_3010_s7_offseason,ecard_aquatic_4012_s7_offseason,ecard_aquatic_4012_s7_offseason,ecard_neutral_1010_s7,Clear,Bubblemaker,Goldfish,Piranha,Oranda,Nimo,Aquatic,Topaz,Pogona,Sandal,Goda,Lagging,Swallow,Dusk,Clear,Inkling,Goldfish,Piranha,Oranda,Nimo,Aquatic,Aquatic Aggro
1eee26d2-74d0-6c48-aab3-f9814d01de18,Guest Meyodaxi,112,Egg,3,,2024-04-02 14:27:06,21,22,1,20,,,,,,,,,,,,,,,,,,,,,,Papi,Nyan,Tri Spikes,Goda,Winter Branch,Koi,Beast,Confused,Bubblemaker,Bidens,Kotaro,Rose Bud,Tadpole,Aquatic,,,,,,,,???
1eee5a21-9bbc-64c4-8632-7eddbc8e3d68,Your Uncle.,113,Egg,3,2;0,2024-04-02 15:40:26,3056138,11990588,11976751,20,rune_aquatic_4012_s7_offseason,rune_aquatic_4011_s7_offseason,rune_bird_4012_s7_offseason,ecard_aquatic_3012_s7_offseason,,ecard_neutral_3015_s7_offseason,ecard_aquatic_4012_s7_offseason,ecard_neutral_3010_s7_offseason,,,ecard_aquatic_4012_s7_offseason,ecard_neutral_3010_s7_offseason,ecard_aquatic_3010_s7_offseason,ecard_aquatic_4012_s7_offseason,,,ecard_neutral_3010_s7_offseason,ecard_neutral_3015_s7_offseason,ecard_aquatic_4012_s7_offseason,ecard_aquatic_4011_s7_offseason,,Gero,Inkling,Anemone,Piranha,Anemone,Nimo,Aquatic,Sleepless,Risky Bird,Anemone,Piranha,Anemone,Nimo,Aquatic,Telescope,Seaslug,Anemone,Piranha,Anemone,Nimo,Bird,Anemone
1eeec1b5-c574-617f-8c02-4c054686f959,Rawyn,114,Egg,3,11;0,2024-04-02 20:54:14,9940360,8063512,10931286,20,rune_aquatic_2012_s7_offseason,rune_neutral_3011_s7_offseason,rune_aquatic_4012_s7_offseason,,,ecard_neutral_2017_s7_offseason,ecard_aquatic_3013_s7_offseason,ecard_neutral_3010_s7_offseason,ecard_aquatic_3013_s7_offseason,,ecard_aquatic_3013_s7_offseason,ecard_neutral_2017_s7_offseason,ecard_aquatic_3013_s7_offseason,,ecard_aquatic_3013_s7_offseason,ecard_neutral_3010_s7_offseason,,ecard_neutral_2024_s7_offseason,ecard_aquatic_2011_s7_offseason,ecard_aquatic_3013_s7_offseason,ecard_aquatic_3013_s7_offseason,Little Owl,Nimo,Anemone,Goda,Anemone,Nimo,Aquatic,Gero,Nimo,Anemone,Lam,Anemone,Nimo,Aquatic,Sleepless,Inkling,Anemone,Lam,Anemone,Nimo,Aquatic,Anemone
1ec9eb6f-6f16-6c61-a60c-1497644b30a5,Willy Wonka và Amber Hê Hê,115,Egg,3,1;0,2024-04-03 08:39:12,141989,3,11381538,20,,,,,,,,,,,,,,,,,,,,,,Blossom,Gill,Mint,Silence Whisper,Teal Shell,Feather Fan,Plant,,,,,,,,Clear,Nut Cracker,Tri Spikes,Nut Cracker,Imp,Cotton Candy,Aquatic,???
1ec9eb73-aa7e-6e64-a60c-522415dc8e2d,vbnn2,116,Egg,4,,2024-04-03 07:52:58,3689647,3288275,6847312,0,,,,,,,,,,,,,,,,,,,,,,Scar,Larva,Tri Spikes,Tiny Turtle,Scaly Spear,Tiny Dino,Reptile,Bookworm,Nut Cracker,Jaguar,Nut Cracker,Imp,Nut Cracker,Beast,Clear,Gill,Perch,Risky Fish,Shoal Star,Tadpole,Aquatic,Perch
